Ticker,Name,Exchange
UGXBMD=X,UGX/BMD,CCY
MURAUD=X,MUR/AUD,CCY
ZARCHF=X,ZAR/CHF,CCY
BWPTND=X,BWP/TND,CCY
TRYLVL=X,TRY/LVL,CCY
UGXWST=X,UGX/WST,CCY
CZKMUR=X,CZK/MUR,CCY
HF33.EX,HURRICANE FUTURES,EUX
NGNZAR=X,NGN/ZAR,CCY
BWPNZD=X,BWP/NZD,CCY
GHSJPY=X,GHS/JPY,CCY
NOKCZK=X,NOK/CZK,CCY
QARLTL=X,QAR/LTL,CCY
DKKLKR=X,DKK/LKR,CCY
BWPZMW=X,BWP/ZMW,CCY
ARSGBP=X,ARS/GBP,CCY
ILSTRY=X,ILS/TRY,CCY
PLNMXN=X,PLN/MXN,CCY
SEKCZK=X,SEK/CZK,CCY
INRSAR=X,INR/SAR,CCY
CADMDL=X,CAD/MDL,CCY
AUDXDR=X,AUD/XDR,CCY
NOKEGP=X,NOK/EGP,CCY
29134349=X,,
CADTND=X,CAD/TND,CCY
NOKMXN=X,NOK/MXN,CCY
PLNLVL=X,PLN/LVL,CCY
THBVEF=X,THB/VEF,CCY
SYP=X,USD/SYP,CCY
LKRTHB=X,LKR/THB,CCY
JPYAZN=X,JPY/AZN,CCY
MYRCLP=X,MYR/CLP,CCY
PLNIDR=X,PLN/IDR,CCY
SYPUSD=X,SYP/USD,CCY
CADGHS=X,CAD/GHS,CCY
MURQAR=X,MUR/QAR,CCY
CHFNZD=X,CHF/NZD,CCY
PKRJPY=X,PKR/JPY,CCY
EGPCHF=X,EGP/CHF,CCY
PLNOMR=X,PLN/OMR,CCY
AUDCNY=X,AUD/CNY,CCY
EURANG=X,EUR/ANG,CCY
XF000EURSGD5.SG,EUR/SGD FIXING,STU
UGXCOP=X,UGX/COP,CCY
SARHUF=X,SAR/HUF,CCY
CNYTND=X,CNY/TND,CCY
22372096.SW,VIANDANTE GOLD ,EBS
CHFRUB=X,CHF/RUB,CCY
GMDEUR=X,GMD/EUR,CCY
BRLCAD=X,BRL/CAD,CCY
LVLKES=X,LVL/KES,CCY
PLNZWL=X,PLN/ZWL,CCY
NZDCNY=X,NZD/CNY,CCY
SARUSD=X,SAR/USD,CCY
FRFCHF=X,FRF/CHF,CCY
NZDUSD=X,NZD/USD,CCY
HKDKWD=X,HKD/KWD,CCY
MOPCHF=X,MOP/CHF,CCY
29134373=X,,
RONSEK=X,RON/SEK,CCY
AEDCAD=X,AED/CAD,CCY
THBLTL=X,THB/LTL,CCY
BAMCHF=X,BAM/CHF,CCY
OMRHUF=X,OMR/HUF,CCY
GBPBDT=X,GBP/BDT,CCY
SZLUSD=X,SZL/USD,CCY
SLL=X,USD/SLL,CCY
HKDPEN=X,HKD/PEN,CCY
PHPTRY=X,PHP/TRY,CCY
KYDGBP=X,KYD/GBP,CCY
IDRUGX=X,IDR/UGX,CCY
CZKCOP=X,CZK/COP,CCY
HKDKES=X,HKD/KES,CCY
OMRCNY=X,OMR/CNY,CCY
GHSUGX=X,GHS/UGX,CCY
EURTTD=X,EUR/TTD,CCY
GHSXOF=X,GHS/XOF,CCY
29134355=X,,
19752596.SW,GOLD 999.9/1000    ,EBS
SARNOK=X,SAR/NOK,CCY
ISKHUF=X,ISK/HUF,CCY
TRYTND=X,TRY/TND,CCY
CADERN=X,CAD/ERN,CCY
CADNPR=X,CAD/NPR,CCY
SARPLN=X,SAR/PLN,CCY
CNYHKD=X,CNY/HKD,CCY
HRKSEK=X,HRK/SEK,CCY
PKREGP=X,PKR/EGP,CCY
JPYNGN=X,JPY/NGN,CCY
LTLILS=X,LTL/ILS,CCY
OMRMAD=X,OMR/MAD,CCY
SGDAUD=X,SGD/AUD,CCY
CADSDG=X,CAD/SDG,CCY
IDRBWP=X,IDR/BWP,CCY
BZDUSD=X,BZD/USD,CCY
HKDLBP=X,HKD/LBP,CCY
JPYBZD=X,JPY/BZD,CCY
EURDJF=X,EUR/DJF,CCY
NOKEUR=X,NOK/EUR,CCY
MURCAD=X,MUR/CAD,CCY
CHFVEF=X,CHF/VEF,CCY
RONGBP=X,RON/GBP,CCY
PLNDKK=X,PLN/DKK,CCY
LKRGBP=X,LKR/GBP,CCY
EUR-CAD.F,EUR/CAD,FRA
RUBGBP=X,RUB/GBP,CCY
TWDKES=X,TWD/KES,CCY
SEKPLN=X,SEK/PLN,CCY
NADCHF=X,NAD/CHF,CCY
OMRLKR=X,OMR/LKR,CCY
VUVZAR=X,VUV/ZAR,CCY
BRLIDR=X,BRL/IDR,CCY
TWDZAR=X,TWD/ZAR,CCY
BRL=X,USD/BRL,CCY
ZMK=X,,
MKDGBP=X,MKD/GBP,CCY
EGPLKR=X,EGP/LKR,CCY
GBPMMK=X,GBP/MMK,CCY
CHFHUF=X,CHF/HUF,CCY
MADEGP=X,MAD/EGP,CCY
SRDEUR=X,SRD/EUR,CCY
UGXZAR=X,UGX/ZAR,CCY
SGDSEK=X,SGD/SEK,CCY
NIOCHF=X,NIO/CHF,CCY
ILSBRL=X,ILS/BRL,CCY
CVE=X,USD/CVE,CCY
KESILS=X,KES/ILS,CCY
EURMRO=X,EUR/MRO,CCY
GHSBWP=X,GHS/BWP,CCY
PHPPLN=X,PHP/PLN,CCY
UAHUSD=X,UAH/USD,CCY
NZDSGD=X,NZD/SGD,CCY
HKDCOP=X,HKD/COP,CCY
VUVCAD=X,VUV/CAD,CCY
AEDNOK=X,AED/NOK,CCY
CHFXDR=X,CHF/XDR,CCY
EURHTG=X,EUR/HTG,CCY
CZKJPY=X,CZK/JPY,CCY
UYUBRL=X,UYU/BRL,CCY
MXNZAR=X,MXN/ZAR,CCY
PHPMYR=X,PHP/MYR,CCY
SGDEGP=X,SGD/EGP,CCY
CHFJPY=X,CHF/JPY,CCY
BOBUSD=X,BOB/USD,CCY
287642=X,,
EGPDKK=X,EGP/DKK,CCY
CADXAF=X,CAD/XAF,CCY
ILSIDR=X,ILS/IDR,CCY
PLNSAR=X,PLN/SAR,CCY
RONKRW=X,RON/KRW,CCY
EUR-COP.F,EUR/COP,FRA
BWPPHP=X,BWP/PHP,CCY
LVLMAD=X,LVL/MAD,CCY
JPYMVR=X,JPY/MVR,CCY
AUDTWD=X,AUD/TWD,CCY
BND=X,USD/BND,CCY
JPYGHS=X,JPY/GHS,CCY
CUP=X,USD/CUP,CCY
BAM=X,USD/BAM,CCY
EUR-INR.F,EUR/INR,FRA
EURAUD=X,EUR/AUD,CCY
ZARBWP=X,ZAR/BWP,CCY
TRYTHB=X,TRY/THB,CCY
CADBGN=X,CAD/BGN,CCY
BWPARS=X,BWP/ARS,CCY
ILSKES=X,ILS/KES,CCY
KRW=X,USD/KRW,CCY
EUR-BOB.F,EUR/BOB,FRA
NOKZAR=X,NOK/ZAR,CCY
EUR-EGP.F,EUR/EGP,FRA
MURUSD=X,MUR/USD,CCY
CADBZD=X,CAD/BZD,CCY
MYRINR=X,MYR/INR,CCY
ZARAED=X,ZAR/AED,CCY
HKDAUD=X,HKD/AUD,CCY
INROMR=X,INR/OMR,CCY
BWPEGP=X,BWP/EGP,CCY
2219069=X,,
DKKAED=X,DKK/AED,CCY
TNDKES=X,TND/KES,CCY
EUR-MGA.F,EUR/MGA,FRA
MOPHKD=X,MOP/HKD,CCY
QARTRY=X,QAR/TRY,CCY
29134345=X,,
JODGBP=X,JOD/GBP,CCY
EUR-SEK.F,EUR/SEK,FRA
20162407.SW,KUPFER 999/1000    ,EBS
EUR-CVE.F,EUR/CVE,FRA
VUVZWL=X,VUV/ZWL,CCY
THBAUD=X,THB/AUD,CCY
CADCUP=X,CAD/CUP,CCY
BOB=X,USD/BOB,CCY
ZARNZD=X,ZAR/NZD,CCY
EURMKD=X,EUR/MKD,CCY
AUDSGD=X,AUD/SGD,CCY
XCDDKK=X,XCD/DKK,CCY
DOP=X,USD/DOP,CCY
EURLTL=X,EUR/LTL,CCY
TRYHUF=X,TRY/HUF,CCY
CZKBND=X,CZK/BND,CCY
HRKKWD=X,HRK/KWD,CCY
29134336=X,,
XF000EURCHF2.SG,EUR/CHF FIXING,STU
CADPLN=X,CAD/PLN,CCY
CHFITL=X,CHF/ITL,CCY
MURJPY=X,MUR/JPY,CCY
DKKCAD=X,DKK/CAD,CCY
IDEPM.MDD,ELECTR. PEAKLOAD M,MDD
CZKISK=X,CZK/ISK,CCY
CNYQAR=X,CNY/QAR,CCY
HNLGBP=X,HNL/GBP,CCY
AZNGBP=X,AZN/GBP,CCY
GHSCOP=X,GHS/COP,CCY
DKKKRW=X,DKK/KRW,CCY
AEDHKD=X,AED/HKD,CCY
CHFYER=X,CHF/YER,CCY
MXNNOK=X,MXN/NOK,CCY
JPYDKK=X,JPY/DKK,CCY
CNH=X,USD/CNH,CCY
SARTRY=X,SAR/TRY,CCY
CADTTD=X,CAD/TTD,CCY
HNL=X,USD/HNL,CCY
SGDUGX=X,SGD/UGX,CCY
JPYDJF=X,JPY/DJF,CCY
EGPNZD=X,EGP/NZD,CCY
EURGMD=X,EUR/GMD,CCY
SEKSAR=X,SEK/SAR,CCY
MYRDKK=X,MYR/DKK,CCY
EUR-AZN.F,EUR/AZN,FRA
MYRMXN=X,MYR/MXN,CCY
GBPTOP=X,GBP/TOP,CCY
JPYKYD=X,JPY/KYD,CCY
NPRGBP=X,NPR/GBP,CCY
EURRUB=X,EUR/RUB,CCY
CADSLL=X,CAD/SLL,CCY
KGSGBP=X,KGS/GBP,CCY
29134337=X,,
ARSBRL=X,ARS/BRL,CCY
MURMAD=X,MUR/MAD,CCY
GBPALL=X,,CCY
THBZWL=X,THB/ZWL,CCY
CNYTRY=X,CNY/TRY,CCY
GBPGIP=X,GBP/GIP,CCY
RSM.PA,COMMODIT RAPE MEAL,PAR
AEDLKR=X,AED/LKR,CCY
EGPILS=X,EGP/ILS,CCY
INRUGX=X,INR/UGX,CCY
AEDMAD=X,AED/MAD,CCY
MADKRW=X,MAD/KRW,CCY
EUREGP=X,EUR/EGP,CCY
AUDBHD=X,AUD/BHD,CCY
DKKUSD=X,DKK/USD,CCY
ZARHRK=X,ZAR/HRK,CCY
EGPOMR=X,EGP/OMR,CCY
EURCHFFIX=X,,
AEDDKK=X,AED/DKK,CCY
JPYLRD=X,JPY/LRD,CCY
JPYCHF=X,JPY/CHF,CCY
UYUCLP=X,UYU/CLP,CCY
EUR-GBP.F,EUR/GBP,FRA
EURCAD=X,EUR/CAD,CCY
SRDUSD=X,SRD/USD,CCY
HUFEGP=X,HUF/EGP,CCY
SYPDKK=X,SYP/DKK,CCY
GBPNZD=X,GBP/NZD,CCY
KWDCHF=X,KWD/CHF,CCY
MURTRY=X,MUR/TRY,CCY
JPYPLN=X,JPY/PLN,CCY
MYRBMD=X,MYR/BMD,CCY
KWDQAR=X,KWD/QAR,CCY
SGDCLP=X,SGD/CLP,CCY
EUR-TND.F,EUR/TND,FRA
BZDCHF=X,BZD/CHF,CCY
GBPRON=X,GBP/RON,CCY
AUDSAR=X,AUD/SAR,CCY
UYUARS=X,UYU/ARS,CCY
GBPNGN=X,GBP/NGN,CCY
MYRJOD=X,MYR/JOD,CCY
QARNZD=X,QAR/NZD,CCY
LKR=X,USD/LKR,CCY
SEKMYR=X,SEK/MYR,CCY
MXNXDR=X,MXN/XDR,CCY
QARCHF=X,QAR/CHF,CCY
GBPAOA=X,GBP/AOA,CCY
SEKIDR=X,SEK/IDR,CCY
ISKSGD=X,ISK/SGD,CCY
AEDTRY=X,AED/TRY,CCY
IEP=X,USD/IEP,CCY
11150067.DE,LONG-DAX INDEX,GER
SGDPEN=X,SGD/PEN,CCY
AUDBMD=X,AUD/BMD,CCY
MURKRW=X,MUR/KRW,CCY
BHDQAR=X,BHD/QAR,CCY
EUR-HTG.F,EUR/HTG,FRA
CHFETB=X,CHF/ETB,CCY
BWPCNH=X,BWP/CNH,CCY
THBOMR=X,THB/OMR,CCY
AOA=X,USD/AOA,CCY
PLNPHP=X,PLN/PHP,CCY
BRLGBP=X,BRL/GBP,CCY
NOKCNH=X,NOK/CNH,CCY
LKRMUR=X,LKR/MUR,CCY
MURLTL=X,MUR/LTL,CCY
VNDKRW=X,VND/KRW,CCY
ISKSAR=X,ISK/SAR,CCY
CADSZL=X,CAD/SZL,CCY
HUFRUB=X,HUF/RUB,CCY
HUFSEK=X,HUF/SEK,CCY
NZDCLP=X,NZD/CLP,CCY
EGPHUF=X,EGP/HUF,CCY
INRMYR=X,INR/MYR,CCY
BZDGBP=X,BZD/GBP,CCY
KESTRY=X,KES/TRY,CCY
CNYPHP=X,CNY/PHP,CCY
VEFMXN=X,VEF/MXN,CCY
RUBLTL=X,RUB/LTL,CCY
AUDAED=X,AUD/AED,CCY
881341.HE,FIM/EUR FIXING,HEL
MMK=X,USD/MMK,CCY
CNYZAR=X,CNY/ZAR,CCY
CLPARS=X,CLP/ARS,CCY
RUBMDL=X,RUB/MDL,CCY
ILSCHF=X,ILS/CHF,CCY
MXNAED=X,MXN/AED,CCY
PHPGBP=X,PHP/GBP,CCY
JPYZAR=X,JPY/ZAR,CCY
EURIQD=X,EUR/IQD,CCY
TNDSAR=X,TND/SAR,CCY
MVRGBP=X,MVR/GBP,CCY
EUR-BGN.F,EUR/BGN,FRA
ILSNZD=X,ILS/NZD,CCY
BHD=X,USD/BHD,CCY
BSDGBP=X,BSD/GBP,CCY
SARJOD=X,SAR/JOD,CCY
GBPSRD=X,GBP/SRD,CCY
LTLEUR=X,LTL/EUR,CCY
KRWNOK=X,KRW/NOK,CCY
CADDOP=X,CAD/DOP,CCY
TRYISK=X,TRY/ISK,CCY
LVLILS=X,LVL/ILS,CCY
CADMZN=X,CAD/MZN,CCY
THBBHD=X,THB/BHD,CCY
CZKVEF=X,CZK/VEF,CCY
EUR-AMD.F,EUR/AMD,FRA
CNYLVL=X,CNY/LVL,CCY
CADLTL=X,CAD/LTL,CCY
CNYRUB=X,CNY/RUB,CCY
GBPSYP=X,GBP/SYP,CCY
EURRON=X,EUR/RON,CCY
TWDIDR=X,TWD/IDR,CCY
COPPYG=X,COP/PYG,CCY
MXNQAR=X,MXN/QAR,CCY
CZKKES=X,CZK/KES,CCY
OCEF.EX,EUR/CHF,EUX
GBPMVR=X,GBP/MVR,CCY
EURYER=X,EUR/YER,CCY
KWDPKR=X,KWD/PKR,CCY
BRLPEN=X,BRL/PEN,CCY
19754264.SW,SILBER 999/1000    ,EBS
CADMYR=X,CAD/MYR,CCY
EUR-MMK.F,EUR/MMK,FRA
RUBTJS=X,RUB/TJS,CCY
BWPTOP=X,BWP/TOP,CCY
HRKMKD=X,HRK/MKD,CCY
GBPMNT=X,GBP/MNT,CCY
CDF=X,USD/CDF,CCY
EURMMK=X,EUR/MMK,CCY
DKKKPW=X,DKK/KPW,CCY
EURGTQ=X,EUR/GTQ,CCY
DJFEUR=X,DJF/EUR,CCY
VUVPEN=X,VUV/PEN,CCY
ANGCHF=X,ANG/CHF,CCY
MYRCAD=X,MYR/CAD,CCY
PHPMAD=X,PHP/MAD,CCY
CNYAUD=X,CNY/AUD,CCY
EOYN.F,EUR/JPY FIXING,FRA
GBPXAF=X,GBP/XAF,CCY
LKRPLN=X,LKR/PLN,CCY
TRYQAR=X,TRY/QAR,CCY
EUR-XPF.F,EUR/XPF,FRA
PLNBMD=X,PLN/BMD,CCY
ILSINR=X,ILS/INR,CCY
GBPDOP=X,GBP/DOP,CCY
EURCHF=X,EUR/CHF,CCY
GHSILS=X,GHS/ILS,CCY
EUR-JOD.F,EUR/JOD,FRA
KWDMAD=X,KWD/MAD,CCY
AUDUYU=X,AUD/UYU,CCY
VUVMUR=X,VUV/MUR,CCY
SGDUSD=X,SGD/USD,CCY
LTLSEK=X,LTL/SEK,CCY
RONCNY=X,RON/CNY,CCY
AUDTMT=X,AUD/TMT,CCY
ARS=X,USD/ARS,CCY
NOKAED=X,NOK/AED,CCY
RUBCHF=X,RUB/CHF,CCY
HF42.EX,STURM FL 40BN 12,EUX
SARTND=X,SAR/TND,CCY
19662920.SW,SILVER COINS 1/4 UZ,EBS
PLNRSD=X,PLN/RSD,CCY
EUR-BND.F,EUR/BND,FRA
CZKTHB=X,CZK/THB,CCY
SARINR=X,SAR/INR,CCY
TNDTRY=X,TND/TRY,CCY
JODHKD=X,JOD/HKD,CCY
VUV=X,USD/VUV,CCY
LSL=X,USD/LSL,CCY
DZDUSD=X,DZD/USD,CCY
EURDKKFIX=X,,
EGPTWD=X,EGP/TWD,CCY
OMRJPY=X,OMR/JPY,CCY
CHGLE.SW,GLEICH VORT.,EBS
CLFEUR=X,CLF/EUR,CCY
LVLCHF=X,LVL/CHF,CCY
CADZMW=X,CAD/ZMW,CCY
CZKGBP=X,CZK/GBP,CCY
MVREUR=X,MVR/EUR,CCY
PLNKES=X,PLN/KES,CCY
THBAED=X,THB/AED,CCY
AUDMOP=X,AUD/MOP,CCY
PENPYG=X,PEN/PYG,CCY
CADTHB=X,CAD/THB,CCY
MGA=X,USD/MGA,CCY
EUR-TRY.F,EUR/TRY,FRA
THBUSD=X,THB/USD,CCY
HKDUGX=X,HKD/UGX,CCY
DJFCHF=X,DJF/CHF,CCY
JPYCZK=X,JPY/CZK,CCY
PHPPKR=X,PHP/PKR,CCY
BDTHKD=X,BDT/HKD,CCY
OMRCAD=X,OMR/CAD,CCY
19752571.SW,GOLD 999.9/1000    ,EBS
ARSVEF=X,ARS/VEF,CCY
BWPMOP=X,BWP/MOP,CCY
AEDPHP=X,AED/PHP,CCY
EBM.PA,WHEAT,PAR
ZAR=X,USD/ZAR,CCY
JMDDKK=X,JMD/DKK,CCY
XDRNOK=X,XDR/NOK,CCY
JPYMGA=X,JPY/MGA,CCY
TMTUSD=X,TMT/USD,CCY
CADKZT=X,CAD/KZT,CCY
CZKOMR=X,CZK/OMR,CCY
CHFJMD=X,CHF/JMD,CCY
MA.PA,MAIZE,PAR
MUREGP=X,MUR/EGP,CCY
VNDJPY=X,VND/JPY,CCY
LVLEUR=X,LVL/EUR,CCY
SGDTND=X,SGD/TND,CCY
LKRZAR=X,LKR/ZAR,CCY
19753568.SW,SILBER 999/1000,EBS
DKKPLN=X,DKK/PLN,CCY
EURKGS=X,EUR/KGS,CCY
MXNCLP=X,MXN/CLP,CCY
SEKAMD=X,SEK/AMD,CCY
CADPEN=X,CAD/PEN,CCY
VEFBOB=X,VEF/BOB,CCY
CHBEZ.SW,BEZ.KURSE,EBS
THBSGD=X,THB/SGD,CCY
LTLCAD=X,LTL/CAD,CCY
EGPHKD=X,EGP/HKD,CCY
PLNVEF=X,PLN/VEF,CCY
GHSEUR=X,GHS/EUR,CCY
PLNKWD=X,PLN/KWD,CCY
LVLAUD=X,LVL/AUD,CCY
RSD=X,USD/RSD,CCY
CVEUSD=X,CVE/USD,CCY
BZD=X,USD/BZD,CCY
LVLCNY=X,LVL/CNY,CCY
JPYNAD=X,JPY/NAD,CCY
UGXANG=X,UGX/ANG,CCY
SGDINR=X,SGD/INR,CCY
NZDDKK=X,NZD/DKK,CCY
COPMXN=X,COP/MXN,CCY
THBXDR=X,THB/XDR,CCY
SARMAD=X,SAR/MAD,CCY
MADSEK=X,MAD/SEK,CCY
OMRMXN=X,OMR/MXN,CCY
SZLCHF=X,SZL/CHF,CCY
KWDJPY=X,KWD/JPY,CCY
PLNPEN=X,PLN/PEN,CCY
KRWDKK=X,KRW/DKK,CCY
EUR-GHS.F,EUR/GHS,FRA
SVCCHF=X,SVC/CHF,CCY
TWDCAD=X,TWD/CAD,CCY
CADAZN=X,CAD/AZN,CCY
ANG=X,USD/ANG,CCY
CHFIRR=X,CHF/IRR,CCY
CADUAH=X,CAD/UAH,CCY
NOKCAD=X,NOK/CAD,CCY
ILSNOK=X,ILS/NOK,CCY
ISKTHB=X,ISK/THB,CCY
AEDLVL=X,AED/LVL,CCY
TWDILS=X,TWD/ILS,CCY
JPYETB=X,JPY/ETB,CCY
SARLKR=X,,CCY
EURILS=X,EUR/ILS,CCY
TRYCZK=X,TRY/CZK,CCY
JPYARS=X,JPY/ARS,CCY
CZKUYU=X,CZK/UYU,CCY
MXNOMR=X,MXN/OMR,CCY
MOPAUD=X,MOP/AUD,CCY
PHPSGD=X,PHP/SGD,CCY
HKD=X,USD/HKD,CCY
AEDCHF=X,AED/CHF,CCY
XF000EURCLP3.SG,EUR/CLP,STU
EGPRUB=X,EGP/RUB,CCY
QARPHP=X,QAR/PHP,CCY
MXNLVL=X,MXN/LVL,CCY
CHFUGX=X,CHF/UGX,CCY
AUDKRW=X,AUD/KRW,CCY
GBPGEL=X,GBP/GEL,CCY
HF52.EX,STURM FL 50BN 12,EUX
DKKSAR=X,DKK/SAR,CCY
PKRCAD=X,PKR/CAD,CCY
MADRUB=X,MAD/RUB,CCY
29134351=X,,
LVLTWD=X,LVL/TWD,CCY
THBKRW=X,THB/KRW,CCY
SARKES=X,SAR/KES,CCY
AUDDOP=X,AUD/DOP,CCY
MADCHF=X,MAD/CHF,CCY
CADGIP=X,CAD/GIP,CCY
MADCZK=X,MAD/CZK,CCY
BHDJPY=X,BHD/JPY,CCY
BWPKYD=X,BWP/KYD,CCY
CHFBDT=X,CHF/BDT,CCY
CADCNY=X,CAD/CNY,CCY
EURJMD=X,EUR/JMD,CCY
XCDCAD=X,XCD/CAD,CCY
AUDGIP=X,AUD/GIP,CCY
GHSCAD=X,GHS/CAD,CCY
GBPDZD=X,GBP/DZD,CCY
EUR-PLN.F,EUR/PLN,FRA
WSTGBP=X,WST/GBP,CCY
SGDKWD=X,SGD/KWD,CCY
XF000EURHUF4.SG,EUR/HUF FIXING,STU
CLPBOB=X,CLP/BOB,CCY
29134338=X,,
PLNRUB=X,PLN/RUB,CCY
CNYSGD=X,CNY/SGD,CCY
AUDTRY=X,AUD/TRY,CCY
INRCZK=X,INR/CZK,CCY
IDEBY.MDD,ELECTR BASELOAD Y,MDD
CADINR=X,CAD/INR,CCY
ZMW=X,USD/ZMW,CCY
MZNCAD=X,MZN/CAD,CCY
GEL=X,USD/GEL,CCY
CHFAWG=X,CHF/AWG,CCY
MADCAD=X,MAD/CAD,CCY
BWPPGK=X,BWP/PGK,CCY
AEDIQD=X,AED/IQD,CCY
EURXOF=X,EUR/XOF,CCY
BMD=X,USD/BMD,CCY
29134344=X,,
AUDSYP=X,AUD/SYP,CCY
NPRXDR=X,NPR/XDR,CCY
PHPSEK=X,PHP/SEK,CCY
RUBOMR=X,RUB/OMR,CCY
CZKAED=X,CZK/AED,CCY
RUBUZS=X,RUB/UZS,CCY
RUBTRY=X,RUB/TRY,CCY
GBPGMD=X,GBP/GMD,CCY
PHPZAR=X,PHP/ZAR,CCY
JODOMR=X,JOD/OMR,CCY
VUVEGP=X,VUV/EGP,CCY
VUVEUR=X,VUV/EUR,CCY
SGDBOB=X,SGD/BOB,CCY
AZNUSD=X,AZN/USD,CCY
KRWIDR=X,KRW/IDR,CCY
DJFUSD=X,DJF/USD,CCY
CADSCR=X,CAD/SCR,CCY
SGDJOD=X,SGD/JOD,CCY
BOBCLP=X,BOB/CLP,CCY
CADMGA=X,CAD/MGA,CCY
CHFISK=X,CHF/ISK,CCY
EURNOKFIX=X,,
FJDHKD=X,FJD/HKD,CCY
HKDSGD=X,HKD/SGD,CCY
JPYMAD=X,JPY/MAD,CCY
AUDBOB=X,AUD/BOB,CCY
UGXEGP=X,UGX/EGP,CCY
PLNLTL=X,PLN/LTL,CCY
TRYMAD=X,TRY/MAD,CCY
THBINR=X,THB/INR,CCY
EUR-NAD.F,EUR/NAD,FRA
MXN=X,USD/MXN,CCY
EURFKP=X,EUR/FKP,CCY
AZN=X,USD/AZN,CCY
KWDILS=X,KWD/ILS,CCY
CADVUV=X,CAD/VUV,CCY
CHFSOS=X,CHF/SOS,CCY
SARDKK=X,SAR/DKK,CCY
PLNBND=X,PLN/BND,CCY
KRWBWP=X,KRW/BWP,CCY
MADHUF=X,MAD/HUF,CCY
CADKRW=X,CAD/KRW,CCY
UYUMXN=X,UYU/MXN,CCY
MXNKWD=X,MXN/KWD,CCY
JPYCDF=X,JPY/CDF,CCY
NPREUR=X,NPR/EUR,CCY
JPYBDT=X,JPY/BDT,CCY
PKRTHB=X,PKR/THB,CCY
HG12.EX,STURM GOLF 10BN 12,EUX
HUFHKD=X,HUF/HKD,CCY
KWD=X,USD/KWD,CCY
THBGBP=X,THB/GBP,CCY
JPYBTN=X,JPY/BTN,CCY
RUBTWD=X,RUB/TWD,CCY
HKDGHS=X,HKD/GHS,CCY
PABCHF=X,PAB/CHF,CCY
IEPCHF=X,IEP/CHF,CCY
LKRCHF=X,LKR/CHF,CCY
CNYTHB=X,CNY/THB,CCY
EUR-TMM.F,EUR/TMM,FRA
LVLEGP=X,LVL/EGP,CCY
LVLIDR=X,LVL/IDR,CCY
SEKBGN=X,SEK/BGN,CCY
CHFEUR=X,CHF/EUR,CCY
CADCOP=X,CAD/COP,CCY
CHFDKK=X,CHF/DKK,CCY
CADJMD=X,CAD/JMD,CCY
CADKYD=X,CAD/KYD,CCY
HUFINR=X,HUF/INR,CCY
2108862=X,,
EGPMUR=X,EGP/MUR,CCY
EUR-GYD.F,EUR/GYD,FRA
MURSAR=X,MUR/SAR,CCY
EURKRW=X,EUR/KRW,CCY
AUDPLN=X,AUD/PLN,CCY
PABDKK=X,PAB/DKK,CCY
GMDDKK=X,GMD/DKK,CCY
DKKCHF=X,DKK/CHF,CCY
TNDPLN=X,TND/PLN,CCY
HTGCHF=X,HTG/CHF,CCY
VEFCHF=X,VEF/CHF,CCY
RONNOK=X,RON/NOK,CCY
TNDGBP=X,TND/GBP,CCY
SEKSGD=X,SEK/SGD,CCY
AUDRON=X,AUD/RON,CCY
UGXPHP=X,UGX/PHP,CCY
KWDMXN=X,KWD/MXN,CCY
QARMUR=X,QAR/MUR,CCY
MXNCOP=X,MXN/COP,CCY
KESLVL=X,KES/LVL,CCY
RUBPLN=X,RUB/PLN,CCY
BWPRWF=X,BWP/RWF,CCY
AEDGBP=X,AED/GBP,CCY
BHDCHF=X,BHD/CHF,CCY
MADINR=X,MAD/INR,CCY
EUR-CHF.F,EUR/CHF,FRA
ZARTRY=X,ZAR/TRY,CCY
HKDBMD=X,HKD/BMD,CCY
GBPRSD=X,GBP/RSD,CCY
MYRPHP=X,MYR/PHP,CCY
MURTHB=X,MUR/THB,CCY
HUFILS=X,HUF/ILS,CCY
CZKTRY=X,CZK/TRY,CCY
ARSCHF=X,ARS/CHF,CCY
AOAEUR=X,AOA/EUR,CCY
BOBPEN=X,BOB/PEN,CCY
GBPTMT=X,GBP/TMT,CCY
22372094.SW,VIANDANTE 5 SILBER,EBS
EGPCZK=X,EGP/CZK,CCY
INRAUD=X,INR/AUD,CCY
LKRDKK=X,LKR/DKK,CCY
SEKANG=X,SEK/ANG,CCY
CHFKGS=X,CHF/KGS,CCY
UGXMYR=X,UGX/MYR,CCY
CHFMWK=X,CHF/MWK,CCY
PLNXDR=X,PLN/XDR,CCY
TWDSAR=X,TWD/SAR,CCY
HKDCNH=X,HKD/CNH,CCY
RONCZK=X,RON/CZK,CCY
GHSSAR=X,GHS/SAR,CCY
BWPRON=X,BWP/RON,CCY
GBPSEK=X,GBP/SEK,CCY
HKDNZD=X,HKD/NZD,CCY
EUR-QAR.F,EUR/QAR,FRA
NZDPLN=X,NZD/PLN,CCY
CHFKHR=X,CHF/KHR,CCY
JPYKHR=X,JPY/KHR,CCY
CADMUR=X,CAD/MUR,CCY
CHFBRL=X,CHF/BRL,CCY
VEFCLP=X,VEF/CLP,CCY
THBCZK=X,THB/CZK,CCY
BWPISK=X,BWP/ISK,CCY
ZARANG=X,ZAR/ANG,CCY
GHSAFN=X,GHS/AFN,CCY
LKRHKD=X,LKR/HKD,CCY
HUFMYR=X,HUF/MYR,CCY
ILSHKD=X,ILS/HKD,CCY
TNDMUR=X,TND/MUR,CCY
INRNZD=X,INR/NZD,CCY
JPYSGD=X,JPY/SGD,CCY
GBPCUP=X,GBP/CUP,CCY
BOBMXN=X,BOB/MXN,CCY
SDG=X,USD/SDG,CCY
SGDMOP=X,SGD/MOP,CCY
MXNVEF=X,MXN/VEF,CCY
HUFSAR=X,HUF/SAR,CCY
OMRLVL=X,OMR/LVL,CCY
ZARPHP=X,ZAR/PHP,CCY
BWPCHF=X,BWP/CHF,CCY
ZARUSD=X,ZAR/USD,CCY
VEFXDR=X,VEF/XDR,CCY
TNDPHP=X,TND/PHP,CCY
EURAFN=X,EUR/AFN,CCY
19752528.SW,GOLD 999.9/1000    ,EBS
KWDHUF=X,KWD/HUF,CCY
CHFHNL=X,CHF/HNL,CCY
EGPNOK=X,EGP/NOK,CCY
29134361=X,,
CHFFKP=X,CHF/FKP,CCY
TOPUSD=X,TOP/USD,CCY
LSLEUR=X,LSL/EUR,CCY
EUR-FJD.F,EUR/FJD,FRA
CHFPHP=X,CHF/PHP,CCY
ILSLVL=X,ILS/LVL,CCY
TNDJPY=X,TND/JPY,CCY
NOKRUB=X,NOK/RUB,CCY
EUR-TWD.F,EUR/TWD,FRA
11667427.SW,HELVETIA GOLDUNZE,EBS
CNYSEK=X,CNY/SEK,CCY
PLNINR=X,PLN/INR,CCY
CHF=X,USD/CHF,CCY
EURCNH=X,EUR/CNH,CCY
SARPKR=X,SAR/PKR,CCY
PHPVND=X,PHP/VND,CCY
SEKISK=X,SEK/ISK,CCY
CHFSGD=X,CHF/SGD,CCY
GBPNIO=X,GBP/NIO,CCY
GBPSOS=X,GBP/SOS,CCY
JPYMKD=X,JPY/MKD,CCY
LKRUSD=X,LKR/USD,CCY
CHFMAD=X,CHF/MAD,CCY
LTLIDR=X,LTL/IDR,CCY
EUR-SDG.F,EUR/SDG,FRA
GBPMDL=X,GBP/MDL,CCY
INRNOK=X,INR/NOK,CCY
ISKKES=X,ISK/KES,CCY
JPYUAH=X,JPY/UAH,CCY
SGDQAR=X,SGD/QAR,CCY
881349.MC,ESP/EUR FIXING,MCE
HKDTND=X,HKD/TND,CCY
GBPSGD=X,GBP/SGD,CCY
EURUYU=X,EUR/UYU,CCY
SEKLTL=X,SEK/LTL,CCY
CZKJOD=X,CZK/JOD,CCY
ZARILS=X,ZAR/ILS,CCY
OMRXDR=X,OMR/XDR,CCY
DKKBRL=X,DKK/BRL,CCY
19752593.SW,GOLD 999.9/1000    ,EBS
TWDDKK=X,TWD/DKK,CCY
CHFNPR=X,CHF/NPR,CCY
BTCUSD=X,USD/BTC,CCY
RONCAD=X,RON/CAD,CCY
BGNCHF=X,BGN/CHF,CCY
SEKKPW=X,SEK/KPW,CCY
EURERN=X,EUR/ERN,CCY
BRLCOP=X,BRL/COP,CCY
EURAWG=X,EUR/AWG,CCY
CHFTTD=X,CHF/TTD,CCY
GBPNOK=X,GBP/NOK,CCY
HU13.EX,HURRICANE FUTURES,EUX
AUHOE.SW,HOEH.VORTAG,EBS
LVLJOD=X,LVL/JOD,CCY
ZARHKD=X,ZAR/HKD,CCY
CZKEGP=X,CZK/EGP,CCY
EUR-IRR.F,EUR/IRR,FRA
RONRUB=X,RON/RUB,CCY
VUVUYU=X,VUV/UYU,CCY
RONILS=X,RON/ILS,CCY
THBNZD=X,THB/NZD,CCY
CHTIE.SW,TIEF.VORTAG,EBS
XDRGBP=X,XDR/GBP,CCY
KWDEGP=X,KWD/EGP,CCY
TRYRUB=X,TRY/RUB,CCY
HUFPLN=X,HUF/PLN,CCY
LTLSAR=X,LTL/SAR,CCY
GBPKGS=X,GBP/KGS,CCY
CHFSHP=X,CHF/SHP,CCY
SCRDKK=X,SCR/DKK,CCY
SEKMUR=X,SEK/MUR,CCY
CADLVL=X,CAD/LVL,CCY
GBPLRD=X,GBP/LRD,CCY
HRKBRL=X,HRK/BRL,CCY
PLNMAD=X,PLN/MAD,CCY
CLFJPY=X,CLF/JPY,CCY
BOBPYG=X,BOB/PYG,CCY
NZDCHF=X,NZD/CHF,CCY
PHPTHB=X,PHP/THB,CCY
LKRINR=X,LKR/INR,CCY
GBPPLN=X,GBP/PLN,CCY
RUBTHB=X,RUB/THB,CCY
BWPQAR=X,BWP/QAR,CCY
CHFXPF=X,CHF/XPF,CCY
ILSTWD=X,ILS/TWD,CCY
29134356=X,,
HRKRUB=X,HRK/RUB,CCY
BHDOMR=X,BHD/OMR,CCY
LVLHKD=X,LVL/HKD,CCY
RONZAR=X,RON/ZAR,CCY
DKKRUB=X,DKK/RUB,CCY
KESLTL=X,KES/LTL,CCY
KRWTHB=X,KRW/THB,CCY
EURLBP=X,EUR/LBP,CCY
HTGEUR=X,HTG/EUR,CCY
CADHRK=X,CAD/HRK,CCY
ETBCHF=X,ETB/CHF,CCY
UYUBOB=X,UYU/BOB,CCY
JPYLTL=X,JPY/LTL,CCY
KESCAD=X,KES/CAD,CCY
LVLSEK=X,LVL/SEK,CCY
19753825.SW,PALLADIUM 999.9,EBS
JPYQAR=X,JPY/QAR,CCY
KESHUF=X,KES/HUF,CCY
CADJPY=X,CAD/JPY,CCY
PENCOP=X,PEN/COP,CCY
GHSPGK=X,GHS/PGK,CCY
CHFAOA=X,CHF/AOA,CCY
HRK=X,USD/HRK,CCY
ZARMUR=X,ZAR/MUR,CCY
ZARLVL=X,ZAR/LVL,CCY
BRLCNY=X,BRL/CNY,CCY
LTLLKR=X,LTL/LKR,CCY
EURKHR=X,EUR/KHR,CCY
TRYJPY=X,TRY/JPY,CCY
MYRILS=X,MYR/ILS,CCY
JODEUR=X,JOD/EUR,CCY
GHSPHP=X,GHS/PHP,CCY
ANGZAR=X,ANG/ZAR,CCY
EURETB=X,EUR/ETB,CCY
BRLXDR=X,BRL/XDR,CCY
THBEUR=X,THB/EUR,CCY
MADTHB=X,MAD/THB,CCY
CZKPLN=X,CZK/PLN,CCY
KZTDKK=X,KZT/DKK,CCY
EURKYD=X,EUR/KYD,CCY
HTG=X,USD/HTG,CCY
ALLUSD=X,ALL/USD,CCY
CNYCHF=X,CNY/CHF,CCY
USD=X,USD/USD,CCY
INRKRW=X,INR/KRW,CCY
TWDJPY=X,TWD/JPY,CCY
EURRWF=X,EUR/RWF,CCY
GHSBHD=X,GHS/BHD,CCY
11667437.SW,HELVETIA SILBERUNZE,EBS
AEDQAR=X,AED/QAR,CCY
DKKUAH=X,DKK/UAH,CCY
MDL=X,USD/MDL,CCY
SGDBWP=X,SGD/BWP,CCY
CNYJOD=X,CNY/JOD,CCY
DKKSGD=X,DKK/SGD,CCY
CADMAD=X,CAD/MAD,CCY
CZKLBP=X,CZK/LBP,CCY
CADSRD=X,CAD/SRD,CCY
QARINR=X,QAR/INR,CCY
JODTWD=X,JOD/TWD,CCY
19754106.SW,GOLD 999.9/1000    ,EBS
TNDDKK=X,TND/DKK,CCY
CHFUZS=X,CHF/UZS,CCY
JPYGTQ=X,JPY/GTQ,CCY
HKDBRL=X,HKD/BRL,CCY
GDO.AS,GOLD 1 UZ,AMS
NOKHUF=X,NOK/HUF,CCY
CHFAZN=X,CHF/AZN,CCY
JPYTJS=X,JPY/TJS,CCY
OSFX.EX,SILVER,EUX
TWDMXN=X,TWD/MXN,CCY
CZKMAD=X,CZK/MAD,CCY
SYPSGD=X,SYP/SGD,CCY
MXNPLN=X,MXN/PLN,CCY
KRWEGP=X,KRW/EGP,CCY
JODQAR=X,JOD/QAR,CCY
UGXTND=X,UGX/TND,CCY
EUR-KES.F,EUR/KES,FRA
PHPTWD=X,PHP/TWD,CCY
EUR-KYD.F,EUR/KYD,FRA
HG23.EX,HURRICANE FUTURES,EUX
EURARS=X,EUR/ARS,CCY
LKRLTL=X,LKR/LTL,CCY
BRLHKD=X,BRL/HKD,CCY
RONTHB=X,RON/THB,CCY
DEM=X,USD/DEM,CCY
PENCAD=X,PEN/CAD,CCY
EURSCR=X,EUR/SCR,CCY
HU43.EX,HURRICANE FUTURES,EUX
NOKMAD=X,NOK/MAD,CCY
GBPCLF=X,GBP/CLF,CCY
UYUTHB=X,UYU/THB,CCY
2218017=X,,
EUR-ANG.F,EUR/ANG,FRA
PLNBHD=X,PLN/BHD,CCY
DWHEAT.MDD,WEIZEN,MDD
EUR-GTQ.F,EUR/GTQ,FRA
UGXTWD=X,UGX/TWD,CCY
AUDSEK=X,AUD/SEK,CCY
KWDNOK=X,KWD/NOK,CCY
VEFBRL=X,VEF/BRL,CCY
PHPLKR=X,PHP/LKR,CCY
UGXMWK=X,UGX/MWK,CCY
CNYNOK=X,CNY/NOK,CCY
LKRKRW=X,LKR/KRW,CCY
287639=X,,
ZMWGBP=X,ZMW/GBP,CCY
DKKKES=X,DKK/KES,CCY
LKRCAD=X,LKR/CAD,CCY
EURAMD=X,EUR/AMD,CCY
RUBLVL=X,RUB/LVL,CCY
TWDPLN=X,TWD/PLN,CCY
EUR-GEL.F,EUR/GEL,FRA
SGDMXN=X,SGD/MXN,CCY
JODIDR=X,JOD/IDR,CCY
PKRDKK=X,PKR/DKK,CCY
TNDIDR=X,TND/IDR,CCY
19753424.SW,SILBER 999/1000,EBS
GMDGBP=X,GMD/GBP,CCY
CZK=X,USD/CZK,CCY
CHFSBD=X,CHF/SBD,CCY
THBCHF=X,THB/CHF,CCY
PLNHKD=X,PLN/HKD,CCY
EURTWD=X,EUR/TWD,CCY
GBPPKR=X,GBP/PKR,CCY
SVC=X,USD/SVC,CCY
QARHUF=X,QAR/HUF,CCY
LTLKWD=X,LTL/KWD,CCY
RUBCNY=X,RUB/CNY,CCY
MNT=X,USD/MNT,CCY
BWPBDT=X,BWP/BDT,CCY
LTLRSD=X,LTL/RSD,CCY
HKDBDT=X,HKD/BDT,CCY
EURTJS=X,EUR/TJS,CCY
GBPUYU=X,GBP/UYU,CCY
GHSTHB=X,GHS/THB,CCY
ISKMAD=X,ISK/MAD,CCY
BRLUYU=X,BRL/UYU,CCY
SEKEGP=X,SEK/EGP,CCY
BWPHUF=X,BWP/HUF,CCY
UAH=X,USD/UAH,CCY
GBPETB=X,GBP/ETB,CCY
KESINR=X,KES/INR,CCY
GHSCLP=X,GHS/CLP,CCY
PENBOB=X,PEN/BOB,CCY
TRYAED=X,TRY/AED,CCY
EURTMT=X,EUR/TMT,CCY
CHFMXN=X,CHF/MXN,CCY
AUDMGA=X,AUD/MGA,CCY
CHFBBD=X,CHF/BBD,CCY
EOSF.F,EUR/CHF FIXING,FRA
EURNZD=X,EUR/NZD,CCY
NZDCAD=X,NZD/CAD,CCY
QARLKR=X,QAR/LKR,CCY
RSDGBP=X,RSD/GBP,CCY
EUR-HUF.F,EUR/HUF,FRA
GBPAFN=X,GBP/AFN,CCY
AEDCZK=X,AED/CZK,CCY
EURVEF=X,EUR/VEF,CCY
KESDKK=X,KES/DKK,CCY
ZAREGP=X,ZAR/EGP,CCY
COPUYU=X,COP/UYU,CCY
HU42.EX,STURM USA 40BN 12,EUX
QARILS=X,QAR/ILS,CCY
CZKEUR=X,CZK/EUR,CCY
KESSEK=X,KES/SEK,CCY
ISKCNY=X,ISK/CNY,CCY
ILSXDR=X,ILS/XDR,CCY
NOKAUD=X,NOK/AUD,CCY
JPYRON=X,JPY/RON,CCY
HRKRON=X,HRK/RON,CCY
TNDNOK=X,TND/NOK,CCY
CZKHUF=X,CZK/HUF,CCY
TNDZAR=X,TND/ZAR,CCY
XF000EURCZK4.SG,EUR/CZK FIXING,STU
AEDRUB=X,AED/RUB,CCY
EUR-TMT.F,EUR/TMT,FRA
RUBZAR=X,RUB/ZAR,CCY
BRLTRY=X,BRL/TRY,CCY
LTLCNY=X,LTL/CNY,CCY
TRYCAD=X,TRY/CAD,CCY
LTLPHP=X,LTL/PHP,CCY
KESAUD=X,KES/AUD,CCY
PHPTND=X,PHP/TND,CCY
EURUSDFIX=X,,
TNDCAD=X,TND/CAD,CCY
OMRILS=X,OMR/ILS,CCY
SGDKES=X,SGD/KES,CCY
KESMXN=X,KES/MXN,CCY
BHDGBP=X,BHD/GBP,CCY
GBPIRR=X,GBP/IRR,CCY
PLNSGD=X,PLN/SGD,CCY
19664789.SW,SILVER COINS 5 UZ,EBS
SEKNZD=X,SEK/NZD,CCY
ZAREUR=X,ZAR/EUR,CCY
EUR-GMD.F,EUR/GMD,FRA
GHSAED=X,GHS/AED,CCY
VUVBOB=X,VUV/BOB,CCY
BMS.PA,WHEAT,PAR
MYRTWD=X,MYR/TWD,CCY
SHP=X,USD/SHP,CCY
VEF=X,USD/VEF,CCY
CADNZD=X,CAD/NZD,CCY
CNYLKR=X,CNY/LKR,CCY
GHSMUR=X,GHS/MUR,CCY
RUBAED=X,RUB/AED,CCY
KWDBHD=X,KWD/BHD,CCY
ZARMWK=X,ZAR/MWK,CCY
EUROMR=X,EUR/OMR,CCY
CHFCLP=X,CHF/CLP,CCY
JPYBAM=X,JPY/BAM,CCY
GHS=X,USD/GHS,CCY
CHFZWL=X,CHF/ZWL,CCY
VND=X,USD/VND,CCY
GHSTOP=X,GHS/TOP,CCY
EURSEK=X,EUR/SEK,CCY
10367025.EX,STURM USA 50BN 10,EUX
EGPGBP=X,EGP/GBP,CCY
EURZMW=X,EUR/ZMW,CCY
ALLGBP=X,ALL/GBP,CCY
THBPHP=X,THB/PHP,CCY
INRLKR=X,INR/LKR,CCY
UYUPEN=X,UYU/PEN,CCY
BWP=X,USD/BWP,CCY
INRBGN=X,INR/BGN,CCY
HUFPHP=X,HUF/PHP,CCY
JPYSTD=X,JPY/STD,CCY
EUR-MAD.F,EUR/MAD,FRA
CADUZS=X,CAD/UZS,CCY
EURGBPFIX=X,,
HKDZAR=X,HKD/ZAR,CCY
PHP=X,USD/PHP,CCY
HF50.EX,STURM FL 50BN 10,EUX
PLNTWD=X,PLN/TWD,CCY
GBPAWG=X,GBP/AWG,CCY
KRWLKR=X,KRW/LKR,CCY
EURSYP=X,EUR/SYP,CCY
GHSCNY=X,GHS/CNY,CCY
EURSDG=X,EUR/SDG,CCY
EUR-EUR.F,EUR/EUR ,FRA
OMRAED=X,OMR/AED,CCY
JODZAR=X,JOD/ZAR,CCY
JPYJOD=X,JPY/JOD,CCY
GHSSGD=X,GHS/SGD,CCY
BSDUSD=X,BSD/USD,CCY
AUDZAR=X,AUD/ZAR,CCY
NZDAUD=X,NZD/AUD,CCY
EURMZN=X,EUR/MZN,CCY
GHSKWD=X,GHS/KWD,CCY
SARMUR=X,SAR/MUR,CCY
ILSLTL=X,ILS/LTL,CCY
JODPHP=X,JOD/PHP,CCY
SEKRUB=X,SEK/RUB,CCY
QARISK=X,QAR/ISK,CCY
EUR-NGN.F,EUR/NGN,FRA
BWPHRK=X,BWP/HRK,CCY
BNDDKK=X,BND/DKK,CCY
GBPTTD=X,GBP/TTD,CCY
RUBJOD=X,RUB/JOD,CCY
SARPHP=X,SAR/PHP,CCY
29134371=X,,
GBPGNF=X,GBP/GNF,CCY
SGDAED=X,SGD/AED,CCY
EUR-PHP.F,EUR/PHP,FRA
TNDSEK=X,TND/SEK,CCY
SEKMAD=X,SEK/MAD,CCY
CLFCLP=X,CLF/CLP,CCY
EUR-HRK.F,EUR/HRK,FRA
BGNLVL=X,BGN/LVL,CCY
EURNPR=X,EUR/NPR,CCY
MADNOK=X,MAD/NOK,CCY
RONNZD=X,RON/NZD,CCY
NZDOMR=X,NZD/OMR,CCY
INREUR=X,INR/EUR,CCY
CHFBTN=X,CHF/BTN,CCY
EUR-CZK.F,EUR/CZK,FRA
UYUVEF=X,UYU/VEF,CCY
AUDMUR=X,AUD/MUR,CCY
ILSMXN=X,ILS/MXN,CCY
CADOMR=X,CAD/OMR,CCY
MADGBP=X,MAD/GBP,CCY
JODMXN=X,JOD/MXN,CCY
CHFSCR=X,CHF/SCR,CCY
BMDCHF=X,BMD/CHF,CCY
FRF=X,USD/FRF,CCY
13750330.SW,CHINA GOLD TAEL,EBS
EGPINR=X,EGP/INR,CCY
CHFPGK=X,CHF/PGK,CCY
ZARPKR=X,ZAR/PKR,CCY
CLPDKK=X,CLP/DKK,CCY
VEFCAD=X,VEF/CAD,CCY
XF000EURMXN2.SG,EUR/MXN FIXING,STU
GBPLAK=X,GBP/LAK,CCY
DKKEUR=X,DKK/EUR,CCY
LVLINR=X,LVL/INR,CCY
SARLTL=X,SAR/LTL,CCY
NZDKES=X,NZD/KES,CCY
CZKDKK=X,CZK/DKK,CCY
SVCGBP=X,SVC/GBP,CCY
SAROMR=X,SAR/OMR,CCY
HUFKES=X,HUF/KES,CCY
THBCOP=X,THB/COP,CCY
EURCADFIX=X,,
OMA.PA,MAIZE,PAR
HRKAUD=X,HRK/AUD,CCY
SGDZAR=X,SGD/ZAR,CCY
ILSQAR=X,ILS/QAR,CCY
GHSRWF=X,GHS/RWF,CCY
LTLDKK=X,LTL/DKK,CCY
AUDGHS=X,AUD/GHS,CCY
GHSBDT=X,GHS/BDT,CCY
MXNPEN=X,MXN/PEN,CCY
THBTND=X,THB/TND,CCY
CHFXOF=X,CHF/XOF,CCY
CZKKWD=X,CZK/KWD,CCY
GHSVND=X,GHS/VND,CCY
GBPPAB=X,GBP/PAB,CCY
CHFMVR=X,CHF/MVR,CCY
LVLNZD=X,LVL/NZD,CCY
GLDUZ=X,,
JODEGP=X,JOD/EGP,CCY
QARRUB=X,QAR/RUB,CCY
CNHUSD=X,CNH/USD,CCY
TNDKRW=X,TND/KRW,CCY
GBPVND=X,GBP/VND,CCY
EURXPF=X,EUR/XPF,CCY
KRWJPY=X,KRW/JPY,CCY
XOFDKK=X,XOF/DKK,CCY
JODAMD=X,JOD/AMD,CCY
SYPHKD=X,SYP/HKD,CCY
GYD=X,USD/GYD,CCY
29134358=X,,
CADKMF=X,CAD/KMF,CCY
PENGBP=X,PEN/GBP,CCY
YERTHB=X,YER/THB,CCY
CHFZMW=X,CHF/ZMW,CCY
BOBCOP=X,BOB/COP,CCY
KWDLKR=X,KWD/LKR,CCY
EUR-AOA.F,EUR/AOA,FRA
JPYTMT=X,JPY/TMT,CCY
AEDUSD=X,AED/USD,CCY
MXNJOD=X,MXN/JOD,CCY
JPYMDL=X,JPY/MDL,CCY
NZDXDR=X,NZD/XDR,CCY
ISKMXN=X,ISK/MXN,CCY
MYRTRY=X,MYR/TRY,CCY
PENMXN=X,PEN/MXN,CCY
MXNMAD=X,MXN/MAD,CCY
CUPEUR=X,CUP/EUR,CCY
JPYZMW=X,JPY/ZMW,CCY
AWGCHF=X,AWG/CHF,CCY
MYRCNY=X,MYR/CNY,CCY
MURINR=X,MUR/INR,CCY
UGXXOF=X,UGX/XOF,CCY
GBPGYD=X,GBP/GYD,CCY
INR=X,USD/INR,CCY
IDRJPY=X,IDR/JPY,CCY
BWPOMR=X,BWP/OMR,CCY
NOKTND=X,NOK/TND,CCY
CHFINR=X,CHF/INR,CCY
SARBHD=X,SAR/BHD,CCY
ETB=X,USD/ETB,CCY
ZARRSD=X,ZAR/RSD,CCY
EURALL=X,,CCY
HKDOMR=X,HKD/OMR,CCY
JPYCNH=X,JPY/CNH,CCY
EURGHS=X,EUR/GHS,CCY
XF000EURPEN5.SG,EUR/PEN,STU
CHFAED=X,CHF/AED,CCY
INRMAD=X,INR/MAD,CCY
HUFJPY=X,HUF/JPY,CCY
UAHGBP=X,UAH/GBP,CCY
1759700=X,,
EUR-UZS.F,EUR/UZS,FRA
29134360=X,,
BWPFJD=X,BWP/FJD,CCY
AUDBAM=X,AUD/BAM,CCY
JPYAED=X,JPY/AED,CCY
CADZWL=X,CAD/ZWL,CCY
CADYER=X,CAD/YER,CCY
CNHKRW=X,CNH/KRW,CCY
ZMWCHF=X,ZMW/CHF,CCY
GBPDKK=X,GBP/DKK,CCY
INRTHB=X,INR/THB,CCY
NZDMYR=X,NZD/MYR,CCY
274720=X,,
JPYIRR=X,JPY/IRR,CCY
RONCHF=X,RON/CHF,CCY
GHSSEK=X,GHS/SEK,CCY
AUDBZD=X,AUD/BZD,CCY
LKRMXN=X,LKR/MXN,CCY
CLPUYU=X,CLP/UYU,CCY
NZDJPY=X,NZD/JPY,CCY
KWDSGD=X,KWD/SGD,CCY
DOPGBP=X,DOP/GBP,CCY
GBPKZT=X,GBP/KZT,CCY
SEKCNY=X,SEK/CNY,CCY
TRYEUR=X,TRY/EUR,CCY
HRKCNY=X,HRK/CNY,CCY
THBKWD=X,THB/KWD,CCY
INRPHP=X,INR/PHP,CCY
INRILS=X,INR/ILS,CCY
GBPVEF=X,GBP/VEF,CCY
JPYGYD=X,JPY/GYD,CCY
PLNILS=X,PLN/ILS,CCY
EURDOP=X,EUR/DOP,CCY
ISKINR=X,ISK/INR,CCY
EURBMD=X,EUR/BMD,CCY
EURXCD=X,EUR/XCD,CCY
CHFCNY=X,CHF/CNY,CCY
GIPCHF=X,GIP/CHF,CCY
BNDXDR=X,BND/XDR,CCY
PLNNZD=X,PLN/NZD,CCY
881343.IR,IEP/EUR FIXING,ISE
HKDTWD=X,HKD/TWD,CCY
ARSTHB=X,ARS/THB,CCY
29134368=X,,
ILSOMR=X,ILS/OMR,CCY
LKRXDR=X,LKR/XDR,CCY
XF000EURINR2.SG,EUR/INR FIXING,STU
HKDBOB=X,HKD/BOB,CCY
FJDNZD=X,FJD/NZD,CCY
HKDPKR=X,HKD/PKR,CCY
INRZAR=X,INR/ZAR,CCY
AEDMXN=X,AED/MXN,CCY
GBPTND=X,GBP/TND,CCY
MURIDR=X,MUR/IDR,CCY
PHPEGP=X,PHP/EGP,CCY
JODMUR=X,JOD/MUR,CCY
BWPMYR=X,BWP/MYR,CCY
BWPLKR=X,BWP/LKR,CCY
EUR-KRW.F,EUR/KRW,FRA
GBPZAR=X,GBP/ZAR,CCY
EUR-NPR.F,EUR/NPR,FRA
NZDQAR=X,NZD/QAR,CCY
MXNARS=X,MXN/ARS,CCY
AEDEUR=X,AED/EUR,CCY
GELUSD=X,GEL/USD,CCY
KYDUSD=X,KYD/USD,CCY
IDRHUF=X,IDR/HUF,CCY
AUDLKR=X,AUD/LKR,CCY
OMRCZK=X,OMR/CZK,CCY
SEKGBP=X,SEK/GBP,CCY
GBPTRY=X,GBP/TRY,CCY
UGXJPY=X,UGX/JPY,CCY
HKDLTL=X,HKD/LTL,CCY
ILSDKK=X,ILS/DKK,CCY
ZARUGX=X,ZAR/UGX,CCY
SGDTWD=X,SGD/TWD,CCY
CZKIDR=X,CZK/IDR,CCY
JPYGNF=X,JPY/GNF,CCY
KMF=X,USD/KMF,CCY
MADTND=X,MAD/TND,CCY
MYRBOB=X,MYR/BOB,CCY
CNHINR=X,CNH/INR,CCY
LTLRUB=X,LTL/RUB,CCY
NZDCZK=X,NZD/CZK,CCY
NOKQAR=X,NOK/QAR,CCY
INRSEK=X,INR/SEK,CCY
GBPISK=X,GBP/ISK,CCY
GIP=X,USD/GIP,CCY
PHPLTL=X,PHP/LTL,CCY
PLNQAR=X,PLN/QAR,CCY
VEFPEN=X,VEF/PEN,CCY
JPYGIP=X,JPY/GIP,CCY
CZKNOK=X,CZK/NOK,CCY
UGXAFN=X,UGX/AFN,CCY
EUR-SYP.F,EUR/SYP,FRA
NOKSAR=X,NOK/SAR,CCY
HUFNZD=X,HUF/NZD,CCY
HKDKRW=X,HKD/KRW,CCY
UGXCNH=X,UGX/CNH,CCY
XDRDKK=X,XDR/DKK,CCY
TWDHKD=X,TWD/HKD,CCY
JPYMMK=X,JPY/MMK,CCY
EUR-GIP.F,EUR/GIP,FRA
QARAUD=X,QAR/AUD,CCY
HRKPLN=X,HRK/PLN,CCY
TRYPHP=X,TRY/PHP,CCY
FIMUSD=X,,
AUDCHF=X,AUD/CHF,CCY
ISKTND=X,ISK/TND,CCY
PHPCNY=X,PHP/CNY,CCY
INRQAR=X,INR/QAR,CCY
CHFMRO=X,CHF/MRO,CCY
19753442.SW,SILBER 999/1000,EBS
CZKNZD=X,CZK/NZD,CCY
CZKLKR=X,CZK/LKR,CCY
LKRSEK=X,LKR/SEK,CCY
HKDQAR=X,HKD/QAR,CCY
EURBYR=X,EUR/BYR,CCY
CUPGBP=X,CUP/GBP,CCY
BSDCHF=X,BSD/CHF,CCY
GBPZMW=X,GBP/ZMW,CCY
DKKJPY=X,DKK/JPY,CCY
JPYYER=X,JPY/YER,CCY
TNDKWD=X,TND/KWD,CCY
PKRGBP=X,PKR/GBP,CCY
XF000EURTRY6.SG,EUR/TRY FIXING,STU
19838330.SW,SILBER 999/1000,EBS
PLNCAD=X,PLN/CAD,CCY
LTLUSD=X,LTL/USD,CCY
IEPUSD=X,IEP/USD,CCY
LVLCAD=X,LVL/CAD,CCY
INRHKD=X,INR/HKD,CCY
BWPMUR=X,BWP/MUR,CCY
GHSFJD=X,GHS/FJD,CCY
MURPLN=X,MUR/PLN,CCY
CADAOA=X,CAD/AOA,CCY
VUVNGN=X,VUV/NGN,CCY
AEDNZD=X,AED/NZD,CCY
OMRDKK=X,OMR/DKK,CCY
CADSAR=X,CAD/SAR,CCY
NOKJOD=X,NOK/JOD,CCY
CADUSD=X,CAD/USD,CCY
EURTZS=X,EUR/TZS,CCY
UGXTOP=X,UGX/TOP,CCY
HKDIDR=X,HKD/IDR,CCY
MADUSD=X,MAD/USD,CCY
SGDNOK=X,SGD/NOK,CCY
RONAED=X,RON/AED,CCY
HKDCNY=X,HKD/CNY,CCY
MXNLKR=X,MXN/LKR,CCY
CLPCOP=X,CLP/COP,CCY
THBQAR=X,THB/QAR,CCY
CADMWK=X,CAD/MWK,CCY
INRISK=X,INR/ISK,CCY
ISKJOD=X,ISK/JOD,CCY
29134330=X,,
KESCHF=X,KES/CHF,CCY
MADPHP=X,MAD/PHP,CCY
LSLGBP=X,LSL/GBP,CCY
CHFXCD=X,CHF/XCD,CCY
TRYSAR=X,TRY/SAR,CCY
TNDHKD=X,TND/HKD,CCY
JMDCHF=X,JMD/CHF,CCY
CHFHKD=X,CHF/HKD,CCY
BWPVND=X,BWP/VND,CCY
SGDBGN=X,SGD/BGN,CCY
CNYBRL=X,CNY/BRL,CCY
CADCZK=X,CAD/CZK,CCY
KESPHP=X,KES/PHP,CCY
SGDMAD=X,SGD/MAD,CCY
BWPSEK=X,BWP/SEK,CCY
PHPLVL=X,PHP/LVL,CCY
GBPBIF=X,GBP/BIF,CCY
QARJPY=X,QAR/JPY,CCY
NZDPGK=X,NZD/PGK,CCY
ISKCZK=X,ISK/CZK,CCY
PHPAED=X,PHP/AED,CCY
LTLLVL=X,LTL/LVL,CCY
MURLKR=X,MUR/LKR,CCY
CNHJPY=X,CNH/JPY,CCY
CNY=X,USD/CNY,CCY
VEFPYG=X,VEF/PYG,CCY
MADSAR=X,MAD/SAR,CCY
DKKTND=X,DKK/TND,CCY
RUBCZK=X,RUB/CZK,CCY
PHPNZD=X,PHP/NZD,CCY
MYRCHF=X,MYR/CHF,CCY
CNYUSD=X,CNY/USD,CCY
CHFFJD=X,CHF/FJD,CCY
ZARAUD=X,ZAR/AUD,CCY
TJSUSD=X,TJS/USD,CCY
JPYAWG=X,JPY/AWG,CCY
CADAFN=X,CAD/AFN,CCY
GTQGBP=X,GTQ/GBP,CCY
BWPZWL=X,BWP/ZWL,CCY
THBLKR=X,THB/LKR,CCY
XDR=X,USD/XDR,CCY
LYD=X,USD/LYD,CCY
BOBCHF=X,BOB/CHF,CCY
EUR-CDF.F,EUR/CDF,FRA
JPYMNT=X,JPY/MNT,CCY
CADAWG=X,CAD/AWG,CCY
TRYBRL=X,TRY/BRL,CCY
SGDIDR=X,SGD/IDR,CCY
UGXFJD=X,UGX/FJD,CCY
ZARRUB=X,ZAR/RUB,CCY
20162411.SW,KUPFER 999/1000    ,EBS
NZDRUB=X,NZD/RUB,CCY
PABCAD=X,PAB/CAD,CCY
CHFRWF=X,CHF/RWF,CCY
BBDDKK=X,BBD/DKK,CCY
MADCNY=X,MAD/CNY,CCY
KWDHKD=X,KWD/HKD,CCY
CZKQAR=X,CZK/QAR,CCY
LKRILS=X,LKR/ILS,CCY
IDR=X,USD/IDR,CCY
19753440.SW,SILBER 999/1000,EBS
MURPHP=X,MUR/PHP,CCY
JODSEK=X,JOD/SEK,CCY
EOLS.F,EUR/GBP FIXING,FRA
EGPUSD=X,EGP/USD,CCY
EURBWP=X,EUR/BWP,CCY
PABUSD=X,PAB/USD,CCY
GDEBQ.MDD,ELECT. BASE.GER Q,MDD
NADEUR=X,NAD/EUR,CCY
LTLAED=X,LTL/AED,CCY
JODPLN=X,JOD/PLN,CCY
BRLEUR=X,BRL/EUR,CCY
DOPUSD=X,DOP/USD,CCY
QAROMR=X,QAR/OMR,CCY
THBRUB=X,THB/RUB,CCY
JPYBOB=X,JPY/BOB,CCY
UGXHKD=X,UGX/HKD,CCY
MURZAR=X,MUR/ZAR,CCY
CADBHD=X,CAD/BHD,CCY
TNDJOD=X,TND/JOD,CCY
JPYXOF=X,JPY/XOF,CCY
HUFTRY=X,HUF/TRY,CCY
HKDRUB=X,HKD/RUB,CCY
CNYSAR=X,CNY/SAR,CCY
EURZWL=X,EUR/ZWL,CCY
SGDPLN=X,SGD/PLN,CCY
HRKUSD=X,HRK/USD,CCY
BGNCZK=X,BGN/CZK,CCY
JPYTRY=X,JPY/TRY,CCY
MXNTHB=X,MXN/THB,CCY
EUR-CUP.F,EUR/CUP,FRA
CZKKRW=X,CZK/KRW,CCY
THB=X,USD/THB,CCY
EURFJD=X,EUR/FJD,CCY
EUR-SOS.F,EUR/SOS,FRA
PYGUYU=X,PYG/UYU,CCY
CHFKWD=X,CHF/KWD,CCY
CNHSGD=X,CNH/SGD,CCY
AUDCRC=X,AUD/CRC,CCY
EUR-XAF.F,EUR/XAF,FRA
MADEUR=X,MAD/EUR,CCY
NOKXDR=X,NOK/XDR,CCY
IQD=X,USD/IQD,CCY
SGDBHD=X,SGD/BHD,CCY
29134331=X,,
KRWRUB=X,KRW/RUB,CCY
GDEBY.MDD,ELECT. BASE.GER Y,MDD
CHFQAR=X,CHF/QAR,CCY
SARIDR=X,SAR/IDR,CCY
19663223.SW,SILVER COINS 1/2 UZ,EBS
THBTRY=X,THB/TRY,CCY
EUR-MOP.F,EUR/MOP,FRA
AEDZAR=X,AED/ZAR,CCY
NZDPHP=X,NZD/PHP,CCY
CNYLTL=X,CNY/LTL,CCY
19753828.SW,GOLD 999.9/1000    ,EBS
PYGCOP=X,PYG/COP,CCY
JPYEGP=X,JPY/EGP,CCY
EUR-MWK.F,EUR/MWK,FRA
GBPCHF=X,GBP/CHF,CCY
KWDJOD=X,KWD/JOD,CCY
SCR=X,USD/SCR,CCY
XDREUR=X,XDR/EUR,CCY
ARSBOB=X,ARS/BOB,CCY
NADDKK=X,NAD/DKK,CCY
GHSBGN=X,GHS/BGN,CCY
MDLCHF=X,MDL/CHF,CCY
KESTND=X,KES/TND,CCY
JPYNZD=X,JPY/NZD,CCY
EUR-KGS.F,EUR/KGS,FRA
VUVBRL=X,VUV/BRL,CCY
LKRPHP=X,LKR/PHP,CCY
JPYWST=X,JPY/WST,CCY
JPYCAD=X,JPY/CAD,CCY
XF000EURNOK5.SG,EUR/NOK FIXING,STU
SYPCHF=X,SYP/CHF,CCY
UGXKES=X,UGX/KES,CCY
BGN=X,USD/BGN,CCY
CADTJS=X,CAD/TJS,CCY
ZARISK=X,ZAR/ISK,CCY
CZKBDT=X,CZK/BDT,CCY
ISKNZD=X,ISK/NZD,CCY
LKRJPY=X,LKR/JPY,CCY
GBPPYG=X,GBP/PYG,CCY
HUFSGD=X,HUF/SGD,CCY
LVLISK=X,LVL/ISK,CCY
NZDJOD=X,NZD/JOD,CCY
KRWINR=X,KRW/INR,CCY
OMREUR=X,OMR/EUR,CCY
RONAUD=X,RON/AUD,CCY
ZWL=X,USD/ZWL,CCY
GHSMWK=X,GHS/MWK,CCY
EURCNY=X,EUR/CNY,CCY
BHDKWD=X,BHD/KWD,CCY
CAD=X,USD/CAD,CCY
NOKPHP=X,NOK/PHP,CCY
KWDISK=X,KWD/ISK,CCY
SARCHF=X,SAR/CHF,CCY
JPYFKP=X,JPY/FKP,CCY
EUR-PYG.F,EUR/PYG,FRA
EUR-NOK.F,EUR/NOK,FRA
KESNOK=X,KES/NOK,CCY
JPYLKR=X,JPY/LKR,CCY
MYRAED=X,MYR/AED,CCY
KWDRSD=X,KWD/RSD,CCY
GHSSBD=X,GHS/SBD,CCY
HKDSAR=X,HKD/SAR,CCY
LTLAUD=X,LTL/AUD,CCY
ENDK.IR,SCHLUSS-ZEIT D BOER,ISE
RONLTL=X,RON/LTL,CCY
MXNPYG=X,MXN/PYG,CCY
CNYGHS=X,CNY/GHS,CCY
CHFTJS=X,CHF/TJS,CCY
AUDUSD=X,AUD/USD,CCY
EURPEN=X,EUR/PEN,CCY
HU52.EX,STURM USA 50BN 12,EUX
CHFBOB=X,CHF/BOB,CCY
TRYLTL=X,TRY/LTL,CCY
KESGBP=X,KES/GBP,CCY
TNDQAR=X,TND/QAR,CCY
JODILS=X,JOD/ILS,CCY
KWDTWD=X,KWD/TWD,CCY
19753805.SW,PLATIN 999.9/1000  ,EBS
GHSCNH=X,GHS/CNH,CCY
CADGTQ=X,CAD/GTQ,CCY
CHFSEK=X,CHF/SEK,CCY
JPYKES=X,JPY/KES,CCY
HKDCHF=X,HKD/CHF,CCY
HUFRON=X,HUF/RON,CCY
BHDXDR=X,BHD/XDR,CCY
PHPKWD=X,PHP/KWD,CCY
BHDNZD=X,BHD/NZD,CCY
CNYIDR=X,CNY/IDR,CCY
SARXDR=X,SAR/XDR,CCY
AUDRUB=X,AUD/RUB,CCY
TZSINR=X,TZS/INR,CCY
JPYIQD=X,JPY/IQD,CCY
XF000EURHKD0.SG,EUR/HKD FIXING,STU
RONJPY=X,RON/JPY,CCY
JODCZK=X,JOD/CZK,CCY
PHPIDR=X,PHP/IDR,CCY
IACWE.NX,SPDR ACWE VLI,ENX
SEKLVL=X,SEK/LVL,CCY
KWDSEK=X,KWD/SEK,CCY
SGDBDT=X,SGD/BDT,CCY
RUBKZT=X,RUB/KZT,CCY
XF000EURDKK4.SG,EUR/DKK FIXING,STU
DOPCHF=X,DOP/CHF,CCY
VEFCOP=X,VEF/COP,CCY
BRLUSD=X,BRL/USD,CCY
BWPCLF=X,BWP/CLF,CCY
NOKBAM=X,NOK/BAM,CCY
GHSZWL=X,GHS/ZWL,CCY
CHFSVC=X,CHF/SVC,CCY
BRLCHF=X,BRL/CHF,CCY
CHFLKR=X,CHF/LKR,CCY
MXNMUR=X,MXN/MUR,CCY
CHFPEN=X,CHF/PEN,CCY
LTLPLN=X,LTL/PLN,CCY
CADBMD=X,CAD/BMD,CCY
KESJPY=X,KES/JPY,CCY
CZKBMD=X,CZK/BMD,CCY
DKKOMR=X,DKK/OMR,CCY
JPYBSD=X,JPY/BSD,CCY
LTLHRK=X,LTL/HRK,CCY
CLPKRW=X,CLP/KRW,CCY
TWDISK=X,TWD/ISK,CCY
EURNAD=X,EUR/NAD,CCY
PLNEGP=X,PLN/EGP,CCY
GTQCAD=X,GTQ/CAD,CCY
NAD=X,USD/NAD,CCY
NZD=X,USD/NZD,CCY
PYG=X,USD/PYG,CCY
AUDLVL=X,AUD/LVL,CCY
RUBILS=X,RUB/ILS,CCY
19753443.SW,SILBER 999/1000,EBS
EGPJPY=X,EGP/JPY,CCY
ZMWCAD=X,ZMW/CAD,CCY
EURJPY=X,EUR/JPY,CCY
HUFBRL=X,HUF/BRL,CCY
KWDCNY=X,KWD/CNY,CCY
CHFWST=X,CHF/WST,CCY
CHFMUR=X,CHF/MUR,CCY
THBCAD=X,THB/CAD,CCY
CHFMYR=X,CHF/MYR,CCY
SGDZWL=X,SGD/ZWL,CCY
EURPLN=X,EUR/PLN,CCY
JPYVUV=X,JPY/VUV,CCY
CADRSD=X,CAD/RSD,CCY
PGKCHF=X,PGK/CHF,CCY
RONUAH=X,RON/UAH,CCY
UGXRUB=X,UGX/RUB,CCY
MADOMR=X,MAD/OMR,CCY
AUDOMR=X,AUD/OMR,CCY
EURMAD=X,EUR/MAD,CCY
EURPGK=X,EUR/PGK,CCY
ZARCZK=X,ZAR/CZK,CCY
RSDCAD=X,RSD/CAD,CCY
CADBYR=X,CAD/BYR,CCY
ILS=X,USD/ILS,CCY
KGSCHF=X,KGS/CHF,CCY
JPYAMD=X,JPY/AMD,CCY
KPW=X,USD/KPW,CCY
JPYXDR=X,JPY/XDR,CCY
BM.PA,WHEAT,PAR
CADMNT=X,CAD/MNT,CCY
QARKWD=X,QAR/KWD,CCY
TTDXDR=X,TTD/XDR,CCY
CHFPKR=X,CHF/PKR,CCY
EUR-ZAR.F,EUR/ZAR,FRA
LKRRUB=X,LKR/RUB,CCY
KESEUR=X,KES/EUR,CCY
BWPJOD=X,BWP/JOD,CCY
PHPDKK=X,PHP/DKK,CCY
KWDKES=X,KWD/KES,CCY
FJDCAD=X,FJD/CAD,CCY
TTDEUR=X,TTD/EUR,CCY
KZT=X,USD/KZT,CCY
KESCNY=X,KES/CNY,CCY
CHFCAD=X,CHF/CAD,CCY
ZARLSL=X,ZAR/LSL,CCY
XPF=X,USD/XPF,CCY
GBPTJS=X,GBP/TJS,CCY
UGXPKR=X,UGX/PKR,CCY
CADNOK=X,CAD/NOK,CCY
DKKHKD=X,DKK/HKD,CCY
ZARQAR=X,ZAR/QAR,CCY
ISKAUD=X,ISK/AUD,CCY
BOBEUR=X,BOB/EUR,CCY
CHFHTG=X,CHF/HTG,CCY
GBPIDR=X,GBP/IDR,CCY
EURQAR=X,EUR/QAR,CCY
29134342=X,,
GBPCDF=X,GBP/CDF,CCY
PHPCHF=X,PHP/CHF,CCY
WST=X,USD/WST,CCY
NOKTRY=X,NOK/TRY,CCY
PLN=X,USD/PLN,CCY
QARSEK=X,QAR/SEK,CCY
PKRVND=X,PKR/VND,CCY
TOPGBP=X,TOP/GBP,CCY
KWDEUR=X,KWD/EUR,CCY
NZDEUR=X,NZD/EUR,CCY
KWDPHP=X,KWD/PHP,CCY
PLNGBP=X,PLN/GBP,CCY
UGXCLP=X,UGX/CLP,CCY
OMRZAR=X,OMR/ZAR,CCY
GBPMUR=X,GBP/MUR,CCY
LVLKWD=X,LVL/KWD,CCY
TWDTRY=X,TWD/TRY,CCY
JPYMRO=X,JPY/MRO,CCY
JPYNOK=X,JPY/NOK,CCY
UGXTHB=X,UGX/THB,CCY
MADISK=X,MAD/ISK,CCY
GBPCAD=X,GBP/CAD,CCY
BOBGBP=X,BOB/GBP,CCY
AEDSEK=X,AED/SEK,CCY
MXNHUF=X,MXN/HUF,CCY
TRYMXN=X,TRY/MXN,CCY
TWDJOD=X,TWD/JOD,CCY
GBPLTL=X,GBP/LTL,CCY
TZS=X,USD/TZS,CCY
JPYHRK=X,JPY/HRK,CCY
BGNEUR=X,BGN/EUR,CCY
MXNEUR=X,MXN/EUR,CCY
NZDKRW=X,NZD/KRW,CCY
PLNCHF=X,PLN/CHF,CCY
EURCYP=X,EUR/CYP,CCY
XF000EURCAD2.SG,EUR/CAD FIXING,STU
HF40.EX,STURM FL 40BN 10,EUX
BWPHKD=X,BWP/HKD,CCY
KRWHUF=X,KRW/HUF,CCY
BSD=X,USD/BSD,CCY
KYDCHF=X,KYD/CHF,CCY
29134363=X,,
RUBKES=X,RUB/KES,CCY
EGPTRY=X,EGP/TRY,CCY
XF000EURZAR3.SG,EUR/ZAR FIXING,STU
CNYHUF=X,CNY/HUF,CCY
DKKEGP=X,DKK/EGP,CCY
LVLMXN=X,LVL/MXN,CCY
EURSTD=X,EUR/STD,CCY
KESIDR=X,KES/IDR,CCY
RONPLN=X,RON/PLN,CCY
NOKPKR=X,NOK/PKR,CCY
WSTCHF=X,WST/CHF,CCY
PLNPGK=X,PLN/PGK,CCY
EURKZT=X,EUR/KZT,CCY
GHSJOD=X,GHS/JOD,CCY
OMRUSD=X,OMR/USD,CCY
ZARHUF=X,ZAR/HUF,CCY
EURAZN=X,EUR/AZN,CCY
DKKJOD=X,DKK/JOD,CCY
MURCZK=X,MUR/CZK,CCY
DEMCHF=X,DEM/CHF,CCY
HUF=X,USD/HUF,CCY
CADGNF=X,CAD/GNF,CCY
AUDCAD=X,AUD/CAD,CCY
RUBNZD=X,RUB/NZD,CCY
SEKCLP=X,SEK/CLP,CCY
CZKAUD=X,CZK/AUD,CCY
HRKAED=X,HRK/AED,CCY
JPYPEN=X,JPY/PEN,CCY
LKRHUF=X,LKR/HUF,CCY
ILSAUD=X,ILS/AUD,CCY
LKRAED=X,LKR/AED,CCY
PHPJPY=X,PHP/JPY,CCY
UGXZMW=X,UGX/ZMW,CCY
VUVARS=X,VUV/ARS,CCY
JPYRSD=X,JPY/RSD,CCY
OMRSEK=X,OMR/SEK,CCY
EURXAF=X,EUR/XAF,CCY
EUR-BYR.F,EUR/BYR,FRA
KESLKR=X,KES/LKR,CCY
GBPEGP=X,GBP/EGP,CCY
CZKLTL=X,CZK/LTL,CCY
NOKCNY=X,NOK/CNY,CCY
EUR-DZD.F,EUR/DZD,FRA
XDRLTL=X,XDR/LTL,CCY
GBPBSD=X,GBP/BSD,CCY
CADMOP=X,CAD/MOP,CCY
TNDLTL=X,TND/LTL,CCY
EURMWK=X,EUR/MWK,CCY
AUDBWP=X,AUD/BWP,CCY
EURPHP=X,EUR/PHP,CCY
HKDMUR=X,HKD/MUR,CCY
SGDILS=X,SGD/ILS,CCY
HKDAED=X,HKD/AED,CCY
BWPMXN=X,BWP/MXN,CCY
EUR-PGK.F,EUR/PGK,FRA
EGPLVL=X,EGP/LVL,CCY
EUR-VND.F,EUR/VND,FRA
TWDRUB=X,TWD/RUB,CCY
QARHKD=X,QAR/HKD,CCY
BWPAUD=X,BWP/AUD,CCY
JODLTL=X,JOD/LTL,CCY
BWPKZT=X,BWP/KZT,CCY
CZKSAR=X,CZK/SAR,CCY
EOB.PA,MALTING BARLEY,PAR
BBD=X,USD/BBD,CCY
JPYXCD=X,JPY/XCD,CCY
EURAED=X,EUR/AED,CCY
GHSHKD=X,GHS/HKD,CCY
UGXMXN=X,UGX/MXN,CCY
RONHKD=X,RON/HKD,CCY
GBPKMF=X,GBP/KMF,CCY
TNDSGD=X,TND/SGD,CCY
LYDCHF=X,LYD/CHF,CCY
TWDMAD=X,TWD/MAD,CCY
CADHUF=X,CAD/HUF,CCY
KRWCRC=X,KRW/CRC,CCY
NZDMAD=X,NZD/MAD,CCY
CHFSZL=X,CHF/SZL,CCY
SGDPHP=X,SGD/PHP,CCY
LKRQAR=X,LKR/QAR,CCY
FKPUSD=X,FKP/USD,CCY
CHFSLL=X,CHF/SLL,CCY
SGDGHS=X,SGD/GHS,CCY
PLNNOK=X,PLN/NOK,CCY
CADSTD=X,CAD/STD,CCY
PABGBP=X,PAB/GBP,CCY
PLNEUR=X,PLN/EUR,CCY
CADSGD=X,CAD/SGD,CCY
HKDJOD=X,HKD/JOD,CCY
FKP=X,USD/FKP,CCY
DKKIDR=X,DKK/IDR,CCY
EUR-ZMK.F,EUR/ZMK,FRA
QARCNY=X,QAR/CNY,CCY
EUR-LBP.F,EUR/LBP,FRA
SARCZK=X,SAR/CZK,CCY
AUDPHP=X,AUD/PHP,CCY
JPYSDG=X,JPY/SDG,CCY
GMD=X,USD/GMD,CCY
IDRLKR=X,IDR/LKR,CCY
CADDJF=X,CAD/DJF,CCY
CADCHF=X,CAD/CHF,CCY
FJDGBP=X,FJD/GBP,CCY
MXV=X,USD/MXV ,CCY
PHPKRW=X,PHP/KRW,CCY
CNHHKD=X,CNH/HKD,CCY
ERN=X,USD/ERN,CCY
NZDTRY=X,NZD/TRY,CCY
NOKMUR=X,NOK/MUR,CCY
JPYEUR=X,JPY/EUR,CCY
JPYCOP=X,JPY/COP,CCY
HUFBAM=X,HUF/BAM,CCY
DKKBAM=X,DKK/BAM,CCY
AUDIDR=X,AUD/IDR,CCY
UYUCHF=X,UYU/CHF,CCY
YER=X,USD/YER,CCY
PENARS=X,PEN/ARS,CCY
CNHPHP=X,CNH/PHP,CCY
HUFTWD=X,HUF/TWD,CCY
19754261.SW,SILBER 999/1000    ,EBS
29134372=X,,
THBBMD=X,THB/BMD,CCY
EUR-XDR.F,EUR/XDR,FRA
NGN=X,USD/NGN,CCY
KWDAUD=X,KWD/AUD,CCY
GDO.NX,GOLD 1 UZ,ENX
OMRPKR=X,OMR/PKR,CCY
MYRCOP=X,MYR/COP,CCY
HKDNOK=X,HKD/NOK,CCY
MYRSGD=X,MYR/SGD,CCY
NZDFJD=X,NZD/FJD,CCY
AEDIDR=X,AED/IDR,CCY
PLNTND=X,PLN/TND,CCY
MADAED=X,MAD/AED,CCY
PENEUR=X,PEN/EUR,CCY
GELLVL=X,GEL/LVL,CCY
CADALL=X,,CCY
RONEUR=X,RON/EUR,CCY
EUR-PEN.F,EUR/PEN,FRA
EUR-HKD.F,EUR/HKD,FRA
QARIDR=X,QAR/IDR,CCY
ISKCAD=X,ISK/CAD,CCY
TWDOMR=X,TWD/OMR,CCY
BNDCHF=X,BND/CHF,CCY
NZDCNH=X,NZD/CNH,CCY
GBPBAM=X,GBP/BAM,CCY
BTN=X,USD/BTN,CCY
JPYDZD=X,JPY/DZD,CCY
OMRTND=X,OMR/TND,CCY
BWPBHD=X,BWP/BHD,CCY
19753561.SW,SILBER 999/1000,EBS
KWDTHB=X,KWD/THB,CCY
OMRPLN=X,OMR/PLN,CCY
KESCZK=X,KES/CZK,CCY
IDRGHS=X,IDR/GHS,CCY
GBPSVC=X,GBP/SVC,CCY
EUR-KHR.F,EUR/KHR,FRA
BHDSGD=X,BHD/SGD,CCY
GIPUSD=X,GIP/USD,CCY
GBPCZK=X,GBP/CZK,CCY
GHSTZS=X,GHS/TZS,CCY
THBKES=X,THB/KES,CCY
GHSMYR=X,GHS/MYR,CCY
JPYBBD=X,JPY/BBD,CCY
DKKINR=X,DKK/INR,CCY
CADAUD=X,CAD/AUD,CCY
SGDGBP=X,SGD/GBP,CCY
SGDUYU=X,SGD/UYU,CCY
EURSGD=X,EUR/SGD,CCY
UYUCOP=X,UYU/COP,CCY
ETBUSD=X,ETB/USD,CCY
CADKHR=X,CAD/KHR,CCY
SEKRON=X,SEK/RON,CCY
CNYBWP=X,CNY/BWP,CCY
JPYMXN=X,JPY/MXN,CCY
KGSUSD=X,KGS/USD,CCY
CHFMKD=X,CHF/MKD,CCY
BWPKES=X,BWP/KES,CCY
SCRGBP=X,SCR/GBP,CCY
AED=X,USD/AED,CCY
MOPCAD=X,MOP/CAD,CCY
AEDSGD=X,AED/SGD,CCY
CZKCLP=X,CZK/CLP,CCY
HKDINR=X,HKD/INR,CCY
INMUA.PA,LYX.USA REAL VLI,PAR
MYRCNH=X,MYR/CNH,CCY
ARSCAD=X,ARS/CAD,CCY
MXNGBP=X,MXN/GBP,CCY
OMRBHD=X,OMR/BHD,CCY
GBPCNH=X,GBP/CNH,CCY
ZARSAR=X,ZAR/SAR,CCY
AUD=X,USD/AUD,CCY
THBMYR=X,THB/MYR,CCY
ARSUSD=X,ARS/USD,CCY
KESSGD=X,KES/SGD,CCY
BWPXOF=X,BWP/XOF,CCY
TWDUSD=X,TWD/USD,CCY
NOKUSD=X,NOK/USD,CCY
NOKIDR=X,NOK/IDR,CCY
HRKDKK=X,HRK/DKK,CCY
CZKRUB=X,CZK/RUB,CCY
EURPYG=X,EUR/PYG,CCY
BNDUSD=X,BND/USD,CCY
RONHRK=X,RON/HRK,CCY
BBDUSD=X,BBD/USD,CCY
LTLTHB=X,LTL/THB,CCY
MYRLBP=X,MYR/LBP,CCY
FKPCHF=X,FKP/CHF,CCY
AUDQAR=X,AUD/QAR,CCY
MVRCHF=X,MVR/CHF,CCY
HKDILS=X,HKD/ILS,CCY
JPYIDR=X,JPY/IDR,CCY
AEDCNY=X,AED/CNY,CCY
HUFNOK=X,HUF/NOK,CCY
TNDISK=X,TND/ISK,CCY
SEKNOK=X,SEK/NOK,CCY
ILSPLN=X,ILS/PLN,CCY
EUR-BMD.F,EUR/BMD,FRA
NOKTHB=X,NOK/THB,CCY
BWPAED=X,BWP/AED,CCY
XAG=X,SILVER 1 OZ 999 NY,CCY
LKRIDR=X,LKR/IDR,CCY
GBPBZD=X,GBP/BZD,CCY
CADMMK=X,CAD/MMK,CCY
GHSISK=X,GHS/ISK,CCY
AEDJOD=X,AED/JOD,CCY
MADILS=X,MAD/ILS,CCY
CHFDEM=X,CHF/DEM,CCY
BWPCLP=X,BWP/CLP,CCY
GHSZMW=X,GHS/ZMW,CCY
PLNPKR=X,PLN/PKR,CCY
CNYJPY=X,CNY/JPY,CCY
AUDJMD=X,AUD/JMD,CCY
CHFCOP=X,CHF/COP,CCY
29134348=X,,
KESEGP=X,KES/EGP,CCY
BDTSEK=X,BDT/SEK,CCY
GHSHUF=X,GHS/HUF,CCY
BRLDKK=X,BRL/DKK,CCY
DKKAUD=X,DKK/AUD,CCY
JPYMYR=X,JPY/MYR,CCY
SBDEUR=X,SBD/EUR,CCY
MYRARS=X,MYR/ARS,CCY
MURCHF=X,MUR/CHF,CCY
HG13.EX,HURRICANE FUTURES,EUX
GHSZAR=X,GHS/ZAR,CCY
SRDCHF=X,SRD/CHF,CCY
GBPGTQ=X,GBP/GTQ,CCY
KRWHKD=X,KRW/HKD,CCY
AUGLE.SW,GLEICH VORT.,EBS
GHSQAR=X,GHS/QAR,CCY
AUDINR=X,AUD/INR,CCY
CADMVR=X,CAD/MVR,CCY
EURBAM=X,EUR/BAM,CCY
JODJPY=X,JOD/JPY,CCY
SZLEUR=X,SZL/EUR,CCY
ZMWUSD=X,ZMW/USD,CCY
JPYHNL=X,JPY/HNL,CCY
GBPPEN=X,GBP/PEN,CCY
HRKTHB=X,HRK/THB,CCY
GBPHNL=X,GBP/HNL,CCY
ZARPLN=X,ZAR/PLN,CCY
EGPKWD=X,EGP/KWD,CCY
EURPAB=X,EUR/PAB,CCY
JPYSLL=X,JPY/SLL,CCY
COPCLP=X,COP/CLP,CCY
GHSKYD=X,GHS/KYD,CCY
CADDZD=X,CAD/DZD,CCY
TNDLKR=X,TND/LKR,CCY
JPYSRD=X,JPY/SRD,CCY
OMRSGD=X,OMR/SGD,CCY
MURCNY=X,MUR/CNY,CCY
CADGYD=X,CAD/GYD,CCY
UGXIDR=X,UGX/IDR,CCY
CHFTHB=X,CHF/THB,CCY
CADARS=X,CAD/ARS,CCY
GELCHF=X,GEL/CHF,CCY
BWPSGD=X,BWP/SGD,CCY
LSLUSD=X,LSL/USD,CCY
NZDEGP=X,NZD/EGP,CCY
JPYHUF=X,JPY/HUF,CCY
MXNISK=X,MXN/ISK,CCY
JPYSOS=X,JPY/SOS,CCY
NZDTND=X,NZD/TND,CCY
ILSRUB=X,ILS/RUB,CCY
ALLCHF=X,ALL/CHF,CCY
ZARLKR=X,ZAR/LKR,CCY
MROMAD=X,MRO/MAD,CCY
HUFCNY=X,HUF/CNY,CCY
VUVMAD=X,VUV/MAD,CCY
PHPAUD=X,PHP/AUD,CCY
AUDPEN=X,AUD/PEN,CCY
THBEGP=X,THB/EGP,CCY
CHFCVE=X,CHF/CVE,CCY
EURLTL-FIX=X,,
JPYCVE=X,JPY/CVE,CCY
MYRKRW=X,MYR/KRW,CCY
DOPEUR=X,DOP/EUR,CCY
JPY=X,USD/JPY,CCY
EGPPKR=X,EGP/PKR,CCY
EURSLL=X,EUR/SLL,CCY
19752531.SW,GOLD 999.9/1000    ,EBS
SGDOMR=X,SGD/OMR,CCY
SCRUSD=X,SCR/USD,CCY
ILSCNY=X,ILS/CNY,CCY
19754112.SW,GOLD 999.9/1000    ,EBS
MADJOD=X,MAD/JOD,CCY
CHFLRD=X,CHF/LRD,CCY
MKDJPY=X,MKD/JPY,CCY
GBPKHR=X,GBP/KHR,CCY
CADAMD=X,CAD/AMD,CCY
MURISK=X,MUR/ISK,CCY
EURSVC=X,EUR/SVC,CCY
CNYAED=X,CNY/AED,CCY
IDRKRW=X,IDR/KRW,CCY
KRWTWD=X,KRW/TWD,CCY
SEKCNH=X,SEK/CNH,CCY
CADXPF=X,CAD/XPF,CCY
RONTRY=X,RON/TRY,CCY
PEN=X,USD/PEN,CCY
MURKWD=X,MUR/KWD,CCY
ZARTWD=X,ZAR/TWD,CCY
EURMGA=X,EUR/MGA,CCY
CHFLVL=X,CHF/LVL,CCY
JPYTZS=X,JPY/TZS,CCY
MXNKES=X,MXN/KES,CCY
SARZAR=X,SAR/ZAR,CCY
XDRUSD=X,XDR/USD,CCY
INRGBP=X,INR/GBP,CCY
EGP=X,USD/EGP,CCY
MADNZD=X,MAD/NZD,CCY
TNDCHF=X,TND/CHF,CCY
LYDXDR=X,LYD/XDR,CCY
UYUUSD=X,UYU/USD,CCY
XPFEUR=X,XPF/EUR,CCY
ISK=X,USD/ISK,CCY
AUDCLP=X,AUD/CLP,CCY
OMRAUD=X,OMR/AUD,CCY
NOKOMR=X,NOK/OMR,CCY
EURBZD=X,EUR/BZD,CCY
CHFGMD=X,CHF/GMD,CCY
AUDARS=X,AUD/ARS,CCY
XCD=X,USD/XCD,CCY
TWDMUR=X,TWD/MUR,CCY
CADKES=X,CAD/KES,CCY
SEKJMD=X,SEK/JMD,CCY
CLPPEN=X,CLP/PEN,CCY
LVLUSD=X,LVL/USD,CCY
HKDISK=X,HKD/ISK,CCY
JPYMOP=X,JPY/MOP,CCY
NOKKWD=X,NOK/KWD,CCY
GBPGHS=X,GBP/GHS,CCY
UGXGHS=X,UGX/GHS,CCY
985840=X,,
NOKRSD=X,NOK/RSD,CCY
RUB=X,USD/RUB,CCY
CADGMD=X,CAD/GMD,CCY
LTLTRY=X,LTL/TRY,CCY
XCDEUR=X,XCD/EUR,CCY
AUDJPY=X,AUD/JPY,CCY
NPRUSD=X,NPR/USD,CCY
MOPSGD=X,MOP/SGD,CCY
SEKPKR=X,SEK/PKR,CCY
GHSAUD=X,GHS/AUD,CCY
DKKANG=X,DKK/ANG,CCY
MURJOD=X,MUR/JOD,CCY
EUR-STD.F,EUR/STD,FRA
PLNUSD=X,PLN/USD,CCY
GMDUSD=X,GMD/USD,CCY
SHPCHF=X,SHP/CHF,CCY
GBPMXN=X,GBP/MXN,CCY
EURLVL=X,EUR/LVL,CCY
QARSGD=X,QAR/SGD,CCY
EGPQAR=X,EGP/QAR,CCY
GHSKES=X,GHS/KES,CCY
EGPAED=X,EGP/AED,CCY
ZARTND=X,ZAR/TND,CCY
ANGEUR=X,ANG/EUR,CCY
EONK.F,EUR/NOK FIXING,FRA
JPYERN=X,JPY/ERN,CCY
FGFX.EX,GOLD,EUX
KESRUB=X,KES/RUB,CCY
AZNCHF=X,AZN/CHF,CCY
CHFRSD=X,CHF/RSD,CCY
CNYMYR=X,CNY/MYR,CCY
BGNTRY=X,BGN/TRY,CCY
XF000EURCNY1.SG,EUR/CNY FIXING,STU
JPYSZL=X,JPY/SZL,CCY
SGDCOP=X,SGD/COP,CCY
429714=X,,
EUR-PAB.F,EUR/PAB,FRA
HKDDKK=X,HKD/DKK,CCY
MOPJPY=X,MOP/JPY,CCY
SGDMYR=X,SGD/MYR,CCY
JODTRY=X,JOD/TRY,CCY
ILSKRW=X,ILS/KRW,CCY
SEKBWP=X,SEK/BWP,CCY
BWPTZS=X,BWP/TZS,CCY
KWDINR=X,KWD/INR,CCY
MADTWD=X,MAD/TWD,CCY
EURCOP=X,EUR/COP,CCY
UGX=X,USD/UGX,CCY
GHSCZK=X,GHS/CZK,CCY
PHPJOD=X,PHP/JOD,CCY
INRJPY=X,INR/JPY,CCY
PLNMYR=X,PLN/MYR,CCY
GBPKYD=X,GBP/KYD,CCY
CHFLBP=X,CHF/LBP,CCY
UYUGBP=X,UYU/GBP,CCY
AEDLTL=X,AED/LTL,CCY
BWPGHS=X,BWP/GHS,CCY
CADPGK=X,CAD/PGK,CCY
JPYLYD=X,JPY/LYD,CCY
19754110.SW,GOLD 999.9/1000    ,EBS
HUFDKK=X,HUF/DKK,CCY
BRLZAR=X,BRL/ZAR,CCY
GBPRWF=X,GBP/RWF,CCY
HUFCAD=X,HUF/CAD,CCY
19666227.SW,SILVER COINS 5 KG,EBS
BRLNZD=X,BRL/NZD,CCY
SAREUR=X,SAR/EUR,CCY
NOKSEK=X,NOK/SEK,CCY
PKRPHP=X,PKR/PHP,CCY
AUDUGX=X,AUD/UGX,CCY
AUDXPF=X,AUD/XPF,CCY
BWPEUR=X,BWP/EUR,CCY
KRWZAR=X,KRW/ZAR,CCY
PLNKRW=X,PLN/KRW,CCY
RON=X,USD/RON,CCY
SIT=X,USD/SIT,CCY
CADMXN=X,CAD/MXN,CCY
CHFKMF=X,CHF/KMF,CCY
CHFBZD=X,CHF/BZD,CCY
BWPJPY=X,BWP/JPY,CCY
SBD=X,USD/SBD,CCY
EURMNT=X,EUR/MNT,CCY
EURLKR=X,EUR/LKR,CCY
TWDKRW=X,TWD/KRW,CCY
UGXNGN=X,UGX/NGN,CCY
CNYCZK=X,CNY/CZK,CCY
JPYMZN=X,JPY/MZN,CCY
ZARSCR=X,ZAR/SCR,CCY
CADIQD=X,CAD/IQD,CCY
TWDMYR=X,TWD/MYR,CCY
ARSSGD=X,ARS/SGD,CCY
BWPNGN=X,BWP/NGN,CCY
HKDLVL=X,HKD/LVL,CCY
283501=X,,
TTDDKK=X,TTD/DKK,CCY
JPYXAF=X,JPY/XAF,CCY
TWD=X,USD/TWD,CCY
CADLYD=X,CAD/LYD,CCY
GBPXPF=X,GBP/XPF,CCY
EURCLP=X,EUR/CLP,CCY
EUR-DOP.F,EUR/DOP,FRA
NZDPKR=X,NZD/PKR,CCY
HRKUAH=X,HRK/UAH,CCY
EURMVR=X,EUR/MVR,CCY
UGXLKR=X,UGX/LKR,CCY
BDTCHF=X,BDT/CHF,CCY
10366938.EX,STURM USA 20BN 10,EUX
JPYKRW=X,JPY/KRW,CCY
AFNEUR=X,AFN/EUR,CCY
KRWGHS=X,KRW/GHS,CCY
SHPUSD=X,SHP/USD,CCY
AEDJPY=X,AED/JPY,CCY
CZKPEN=X,CZK/PEN,CCY
SDGCHF=X,SDG/CHF,CCY
EUR-BDT.F,EUR/BDT,FRA
THBARS=X,THB/ARS,CCY
LTLJOD=X,LTL/JOD,CCY
QARAED=X,QAR/AED,CCY
CADBTN=X,CAD/BTN,CCY
GBPCRC=X,GBP/CRC,CCY
ZARMYR=X,ZAR/MYR,CCY
CHFAFN=X,CHF/AFN,CCY
CADBSD=X,CAD/BSD,CCY
CHDAV.SW,DAVON GEHAND,EBS
BWPINR=X,BWP/INR,CCY
JODLKR=X,JOD/LKR,CCY
JPYCUP=X,JPY/CUP,CCY
EUR-MDL.F,EUR/MDL,FRA
UGXMUR=X,UGX/MUR,CCY
PHPOMR=X,PHP/OMR,CCY
29134346=X,,
CHFJOD=X,CHF/JOD,CCY
ILSSAR=X,ILS/SAR,CCY
CADWST=X,CAD/WST,CCY
SZLGBP=X,SZL/GBP,CCY
MXNCZK=X,MXN/CZK,CCY
AUDMYR=X,AUD/MYR,CCY
TRYMYR=X,TRY/MYR,CCY
CHFBSD=X,CHF/BSD,CCY
SDGUSD=X,SDG/USD,CCY
BTNUSD=X,BTN/USD,CCY
KESMAD=X,KES/MAD,CCY
ANGCAD=X,ANG/CAD,CCY
HNLUSD=X,HNL/USD,CCY
NOKLTL=X,NOK/LTL,CCY
LKRTND=X,LKR/TND,CCY
GBPBGN=X,GBP/BGN,CCY
CADHTG=X,CAD/HTG,CCY
XF000EURBRL1.SG,EUR/BRL FIXING,STU
NOKLKR=X,NOK/LKR,CCY
AUDSVC=X,AUD/SVC,CCY
AUDHNL=X,AUD/HNL,CCY
HUFTHB=X,HUF/THB,CCY
CADCNH=X,CAD/CNH,CCY
BHDPKR=X,BHD/PKR,CCY
JPYSVC=X,JPY/SVC,CCY
GELEUR=X,GEL/EUR,CCY
CADLSL=X,CAD/LSL,CCY
EUR-TZS.F,EUR/TZS,FRA
PKRZAR=X,PKR/ZAR,CCY
UGXILS=X,UGX/ILS,CCY
CZKBOB=X,CZK/BOB,CCY
ILSAED=X,ILS/AED,CCY
XOFGHS=X,XOF/GHS,CCY
HKDCAD=X,HKD/CAD,CCY
CADXCD=X,CAD/XCD,CCY
NZDMXN=X,NZD/MXN,CCY
NZDTWD=X,NZD/TWD,CCY
HKDTHB=X,HKD/THB,CCY
LTL=X,USD/LTL,CCY
EURMYR=X,EUR/MYR,CCY
KWDDKK=X,KWD/DKK,CCY
AUDHKD=X,AUD/HKD,CCY
KWDUSD=X,KWD/USD,CCY
MURRUB=X,MUR/RUB,CCY
XCDGBP=X,XCD/GBP,CCY
CHFMOP=X,CHF/MOP,CCY
NZDAED=X,NZD/AED,CCY
BWPUGX=X,BWP/UGX,CCY
29134334=X,,
JPYLBP=X,JPY/LBP,CCY
EUR-LRD.F,EUR/LRD,FRA
LKRTWD=X,LKR/TWD,CCY
CADSOS=X,CAD/SOS,CCY
LVLLKR=X,LVL/LKR,CCY
SEKDKK=X,SEK/DKK,CCY
NOKNZD=X,NOK/NZD,CCY
VUVUSD=X,VUV/USD,CCY
RUBTMT=X,RUB/TMT,CCY
PENVEF=X,PEN/VEF,CCY
BDTEUR=X,BDT/EUR,CCY
HRKLTL=X,HRK/LTL,CCY
KZTLTL=X,KZT/LTL,CCY
GBPHTG=X,GBP/HTG,CCY
BSDCAD=X,BSD/CAD,CCY
NZDGBP=X,NZD/GBP,CCY
CADRON=X,CAD/RON,CCY
EURBND=X,EUR/BND,CCY
EGPLTL=X,EGP/LTL,CCY
GTQCHF=X,GTQ/CHF,CCY
THBMXN=X,THB/MXN,CCY
EURBTN=X,EUR/BTN,CCY
ECS=X,USD/ECS,CCY
INRRUB=X,INR/RUB,CCY
NGNUSD=X,NGN/USD,CCY
EGPAUD=X,EGP/AUD,CCY
VUVGBP=X,VUV/GBP,CCY
CHFXAF=X,CHF/XAF,CCY
AUDPKR=X,AUD/PKR,CCY
KESTWD=X,KES/TWD,CCY
SEKMXN=X,SEK/MXN,CCY
SARCNY=X,SAR/CNY,CCY
EURBHD=X,EUR/BHD,CCY
3017024.EX,ITR CR SI NA REC FU,EUX
EURXDR=X,EUR/XDR,CCY
TWDAED=X,TWD/AED,CCY
BGNPLN=X,BGN/PLN,CCY
BRLSEK=X,BRL/SEK,CCY
JPYSAR=X,JPY/SAR,CCY
PLNISK=X,PLN/ISK,CCY
EUR-CNY.F,EUR/CNY,FRA
LTLNOK=X,LTL/NOK,CCY
OMRKWD=X,OMR/KWD,CCY
NZDSAR=X,NZD/SAR,CCY
JPYCNY=X,JPY/CNY,CCY
CHFMDL=X,CHF/MDL,CCY
INRAED=X,INR/AED,CCY
TWDEUR=X,TWD/EUR,CCY
ZARGBP=X,ZAR/GBP,CCY
SGDSAR=X,SGD/SAR,CCY
JPYMUR=X,JPY/MUR,CCY
CNYTWD=X,CNY/TWD,CCY
EUR-PKR.F,EUR/PKR,FRA
C3AR.EX,CARREFOUR DIV,EUX
ZARJPY=X,ZAR/JPY,CCY
JPYLSL=X,JPY/LSL,CCY
RUBMUR=X,RUB/MUR,CCY
HKDPLN=X,HKD/PLN,CCY
CZKXDR=X,CZK/XDR,CCY
INRLTL=X,INR/LTL,CCY
ILSMAD=X,ILS/MAD,CCY
SGDNGN=X,SGD/NGN,CCY
ARSKRW=X,ARS/KRW,CCY
HKDCZK=X,HKD/CZK,CCY
JPYMWK=X,JPY/MWK,CCY
BRLINR=X,BRL/INR,CCY
PGKDKK=X,PGK/DKK,CCY
KESAED=X,KES/AED,CCY
HRKEUR=X,HRK/EUR,CCY
ARSUYU=X,ARS/UYU,CCY
SEK=X,USD/SEK,CCY
THBJPY=X,THB/JPY,CCY
PLNLBP=X,PLN/LBP,CCY
SEKTND=X,SEK/TND,CCY
EUR-WST.F,EUR/WST,FRA
LKRKES=X,LKR/KES,CCY
HNLEUR=X,HNL/EUR,CCY
EOSK.F,EUR/SEK FIXING,FRA
GBPMOP=X,GBP/MOP,CCY
QARDKK=X,QAR/DKK,CCY
CADBRL=X,CAD/BRL,CCY
LVLNOK=X,LVL/NOK,CCY
TNDMAD=X,TND/MAD,CCY
SDGGBP=X,SDG/GBP,CCY
THBPLN=X,THB/PLN,CCY
MURHUF=X,MUR/HUF,CCY
EURGEL=X,EUR/GEL,CCY
CNYMAD=X,CNY/MAD,CCY
JPYILS=X,JPY/ILS,CCY
GNF=X,USD/GNF,CCY
BMDDKK=X,BMD/DKK,CCY
MZNUSD=X,MZN/USD,CCY
29134374=X,,
UGXAUD=X,UGX/AUD,CCY
VEFUYU=X,VEF/UYU,CCY
GBPKRW=X,GBP/KRW,CCY
29134332=X,,
NOKTWD=X,NOK/TWD,CCY
PLNHUF=X,PLN/HUF,CCY
TWDEGP=X,TWD/EGP,CCY
CADXDR=X,CAD/XDR,CCY
JPYVEF=X,JPY/VEF,CCY
LKRAUD=X,LKR/AUD,CCY
PGKEUR=X,PGK/EUR,CCY
OMRKRW=X,OMR/KRW,CCY
LTLJPY=X,LTL/JPY,CCY
INRJOD=X,INR/JOD,CCY
CNYNZD=X,CNY/NZD,CCY
AUDDKK=X,AUD/DKK,CCY
PENTHB=X,PEN/THB,CCY
PLNRON=X,PLN/RON,CCY
INRPKR=X,INR/PKR,CCY
NZDHUF=X,NZD/HUF,CCY
INREGP=X,INR/EGP,CCY
29134341=X,,
CZKMYR=X,CZK/MYR,CCY
EURTOP=X,EUR/TOP,CCY
CHFGNF=X,CHF/GNF,CCY
SGDCNY=X,SGD/CNY,CCY
DKKSEK=X,DKK/SEK,CCY
JPYTWD=X,JPY/TWD,CCY
CHFSRD=X,CHF/SRD,CCY
QARTWD=X,QAR/TWD,CCY
EUR-MYR.F,EUR/MYR,FRA
LVLPLN=X,LVL/PLN,CCY
EURAOA=X,EUR/AOA,CCY
GDEPY.MDD,ELECT. PEAK.GER Y,MDD
BHDAED=X,BHD/AED,CCY
PKRKRW=X,PKR/KRW,CCY
GHSNAD=X,GHS/NAD,CCY
JPYHKD=X,JPY/HKD,CCY
PHPMUR=X,PHP/MUR,CCY
EURRSD=X,EUR/RSD,CCY
IDRRUB=X,IDR/RUB,CCY
CADCDF=X,CAD/CDF,CCY
RSDEUR=X,RSD/EUR,CCY
ISKTRY=X,ISK/TRY,CCY
VUVMXN=X,VUV/MXN,CCY
HF32.EX,STURM FL 30BN 12,EUX
MUR=X,USD/MUR,CCY
CADIRR=X,CAD/IRR,CCY
CADKPW=X,CAD/KPW,CCY
JODKRW=X,JOD/KRW,CCY
NGNDKK=X,NGN/DKK,CCY
RSDCHF=X,RSD/CHF,CCY
ILSUSD=X,ILS/USD,CCY
MYRIDR=X,MYR/IDR,CCY
29134369=X,,
EUR-MRO.F,EUR/MRO,FRA
SGDCAD=X,SGD/CAD,CCY
MXNTRY=X,MXN/TRY,CCY
THBPEN=X,THB/PEN,CCY
PHPEUR=X,PHP/EUR,CCY
GBPUAH=X,GBP/UAH,CCY
THBPKR=X,THB/PKR,CCY
GHSMXN=X,GHS/MXN,CCY
BWPTWD=X,BWP/TWD,CCY
BSDDKK=X,BSD/DKK,CCY
GHSNZD=X,GHS/NZD,CCY
PKRAED=X,PKR/AED,CCY
AUDGTQ=X,AUD/GTQ,CCY
KESZAR=X,KES/ZAR,CCY
PHPHUF=X,PHP/HUF,CCY
EURBOB=X,EUR/BOB,CCY
DKKMUR=X,DKK/MUR,CCY
EURBRL=X,EUR/BRL,CCY
UGXNZD=X,UGX/NZD,CCY
CLPVEF=X,CLP/VEF,CCY
EUR-BBD.F,EUR/BBD,FRA
JPYBWP=X,JPY/BWP,CCY
GBPARS=X,GBP/ARS,CCY
LKREUR=X,LKR/EUR,CCY
VUVJOD=X,VUV/JOD,CCY
DKKISK=X,DKK/ISK,CCY
BWPILS=X,BWP/ILS,CCY
BRLKRW=X,BRL/KRW,CCY
MYRTND=X,MYR/TND,CCY
GBPRUB=X,GBP/RUB,CCY
THBMAD=X,THB/MAD,CCY
NOKILS=X,NOK/ILS,CCY
CHFCNH=X,CHF/CNH,CCY
CNYOMR=X,CNY/OMR,CCY
GBPHUF=X,GBP/HUF,CCY
CADTRY=X,CAD/TRY,CCY
GBPANG=X,GBP/ANG,CCY
VUVVEF=X,VUV/VEF,CCY
AEDTWD=X,AED/TWD,CCY
AWGUSD=X,AWG/USD,CCY
QARUSD=X,QAR/USD,CCY
PENCLP=X,PEN/CLP,CCY
RUBJPY=X,RUB/JPY,CCY
HUFAED=X,HUF/AED,CCY
SGDJPY=X,SGD/JPY,CCY
SEKCHF=X,SEK/CHF,CCY
AEDBHD=X,AED/BHD,CCY
JPYBMD=X,JPY/BMD,CCY
EURJPYFIX=X,,
BOBARS=X,BOB/ARS,CCY
NZDUAH=X,NZD/UAH,CCY
BHDEUR=X,BHD/EUR,CCY
BWPANG=X,BWP/ANG,CCY
VUVAED=X,VUV/AED,CCY
GHSXDR=X,GHS/XDR,CCY
TWDQAR=X,TWD/QAR,CCY
GBPLSL=X,GBP/LSL,CCY
BWPPKR=X,BWP/PKR,CCY
MDLUSD=X,MDL/USD,CCY
GTQUSD=X,GTQ/USD,CCY
GBPITL=X,GBP/ITL,CCY
QARPLN=X,QAR/PLN,CCY
LRD=X,USD/LRD,CCY
UGXRWF=X,UGX/RWF,CCY
PKRSGD=X,PKR/SGD,CCY
BMDGBP=X,BMD/GBP,CCY
AUDILS=X,AUD/ILS,CCY
CADRWF=X,CAD/RWF,CCY
AFN=X,USD/AFN,CCY
RONKWD=X,RON/KWD,CCY
EUR-ALL.F,EUR/ALL,FRA
KWDNZD=X,KWD/NZD,CCY
GHSNGN=X,GHS/NGN,CCY
SEKLKR=X,SEK/LKR,CCY
AEDEGP=X,AED/EGP,CCY
QARMXN=X,QAR/MXN,CCY
EUR-THB.F,EUR/THB,FRA
CZKVUV=X,CZK/VUV,CCY
PLNCNY=X,PLN/CNY,CCY
DZDEUR=X,DZD/EUR,CCY
EURTHB=X,EUR/THB,CCY
TRYSGD=X,TRY/SGD,CCY
RUBMAD=X,RUB/MAD,CCY
MKDUSD=X,MKD/USD,CCY
ANGUSD=X,ANG/USD,CCY
JPYBGN=X,JPY/BGN,CCY
CLP=X,USD/CLP,CCY
DJF=X,USD/DJF,CCY
TOPEUR=X,TOP/EUR,CCY
THBLVL=X,THB/LVL,CCY
MADTRY=X,MAD/TRY,CCY
MKDDKK=X,MKD/DKK,CCY
BWPPEN=X,BWP/PEN,CCY
HRKRSD=X,HRK/RSD,CCY
EURVUV=X,EUR/VUV,CCY
LTLBRL=X,LTL/BRL,CCY
AUDPYG=X,AUD/PYG,CCY
UGXARS=X,UGX/ARS,CCY
PHPKES=X,PHP/KES,CCY
JPYLVL=X,JPY/LVL,CCY
PGKUSD=X,PGK/USD,CCY
VUVILS=X,VUV/ILS,CCY
XF000EURCOP7.SG,EUR/COP,STU
ILSTHB=X,ILS/THB,CCY
CADPHP=X,CAD/PHP,CCY
IACWE.PA,SPDR ACWE VLI,PAR
SGDISK=X,SGD/ISK,CCY
EUR-ARS.F,EUR/ARS,FRA
BTNEUR=X,BTN/EUR,CCY
EUR-ILS.F,EUR/ILS,FRA
EUR-JMD.F,EUR/JMD,FRA
RUBBRL=X,RUB/BRL,CCY
TNDOMR=X,TND/OMR,CCY
PLNBDT=X,PLN/BDT,CCY
TRYOMR=X,TRY/OMR,CCY
JOD=X,USD/JOD,CCY
EUR-SVC.F,EUR/SVC,FRA
BWPRSD=X,BWP/RSD,CCY
GBPFKP=X,GBP/FKP,CCY
DKKMXN=X,DKK/MXN,CCY
ZARLTL=X,ZAR/LTL,CCY
GTQ=X,USD/GTQ,CCY
UGXKRW=X,UGX/KRW,CCY
UZS=X,USD/UZS,CCY
GBPHKD=X,GBP/HKD,CCY
GBPOMR=X,GBP/OMR,CCY
JPYAOA=X,JPY/AOA,CCY
PKRINR=X,PKR/INR,CCY
HRKJPY=X,HRK/JPY,CCY
CADBAM=X,CAD/BAM,CCY
CHFCDF=X,CHF/CDF,CCY
RONINR=X,RON/INR,CCY
CHFSDG=X,CHF/SDG,CCY
CHFSAR=X,CHF/SAR,CCY
SGDDKK=X,SGD/DKK,CCY
19754103.SW,GOLD 999.9/1000    ,EBS
SEKTWD=X,SEK/TWD,CCY
CNYKWD=X,CNY/KWD,CCY
THBSEK=X,THB/SEK,CCY
CHFBAM=X,CHF/BAM,CCY
PKREUR=X,PKR/EUR,CCY
TTDCHF=X,TTD/CHF,CCY
UYUPYG=X,UYU/PYG,CCY
JODSGD=X,JOD/SGD,CCY
SGDBRL=X,SGD/BRL,CCY
CLPTHB=X,CLP/THB,CCY
EUR-HNL.F,EUR/HNL,FRA
SARMXN=X,SAR/MXN,CCY
CZKBAM=X,CZK/BAM,CCY
JPYTOP=X,JPY/TOP,CCY
CHFKYD=X,CHF/KYD,CCY
GBPBYR=X,GBP/BYR,CCY
OMRQAR=X,OMR/QAR,CCY
TWDINR=X,TWD/INR,CCY
EUR-SGD.F,EUR/SGD,FRA
GTQEUR=X,GTQ/EUR,CCY
HRKSGD=X,HRK/SGD,CCY
PENBRL=X,PEN/BRL,CCY
LKRCNY=X,LKR/CNY,CCY
SEKKRW=X,SEK/KRW,CCY
TRYINR=X,TRY/INR,CCY
GBPSTD=X,GBP/STD,CCY
RONBRL=X,RON/BRL,CCY
CHFGHS=X,CHF/GHS,CCY
PLNTRY=X,PLN/TRY,CCY
JODTHB=X,JOD/THB,CCY
MADIDR=X,MAD/IDR,CCY
TTDCAD=X,TTD/CAD,CCY
UAHEUR=X,UAH/EUR,CCY
RUBMXN=X,RUB/MXN,CCY
CADXOF=X,CAD/XOF,CCY
BWPNAD=X,BWP/NAD,CCY
MXNINR=X,MXN/INR,CCY
SBDUSD=X,SBD/USD,CCY
ERNEUR=X,ERN/EUR,CCY
NZDBRL=X,NZD/BRL,CCY
AEDMUR=X,AED/MUR,CCY
LTLTND=X,LTL/TND,CCY
ILSHUF=X,ILS/HUF,CCY
TWDLVL=X,TWD/LVL,CCY
EURINR=X,EUR/INR,CCY
BWPXDR=X,BWP/XDR,CCY
GBPVUV=X,GBP/VUV,CCY
SEKAED=X,SEK/AED,CCY
19838326.SW,SILBER 999/1000,EBS
HUFQAR=X,HUF/QAR,CCY
HUFMAD=X,HUF/MAD,CCY
OMRTWD=X,OMR/TWD,CCY
BRLILS=X,BRL/ILS,CCY
MADQAR=X,MAD/QAR,CCY
CADIDR=X,CAD/IDR,CCY
HKDMYR=X,HKD/MYR,CCY
AUDNOK=X,AUD/NOK,CCY
LVLOMR=X,LVL/OMR,CCY
TTDGBP=X,TTD/GBP,CCY
TNDILS=X,TND/ILS,CCY
FCEP.EX,EUR/GBP,EUX
HU30.EX,STURM USA 30BN 10,EUX
MURHKD=X,MUR/HKD,CCY
SOS=X,USD/SOS,CCY
IDEBM.MDD,ELECTR BASELOAD M ,MDD
MYRMAD=X,MYR/MAD,CCY
CHFIDR=X,CHF/IDR,CCY
NOKCLP=X,NOK/CLP,CCY
PLNZAR=X,PLN/ZAR,CCY
EUR-SCR.F,EUR/SCR,FRA
ARSAUD=X,ARS/AUD,CCY
PLNTHB=X,PLN/THB,CCY
MURGBP=X,MUR/GBP,CCY
MXNPHP=X,MXN/PHP,CCY
AEDKES=X,AED/KES,CCY
OMRGBP=X,OMR/GBP,CCY
MXNCNY=X,MXN/CNY,CCY
AUBEZ.SW,BEZ.KURSE,EBS
BAMUSD=X,BAM/USD,CCY
KWDCAD=X,KWD/CAD,CCY
QARJOD=X,QAR/JOD,CCY
GHSLKR=X,GHS/LKR,CCY
NOKINR=X,NOK/INR,CCY
TWDSEK=X,TWD/SEK,CCY
WSTUSD=X,WST/USD,CCY
ZARNGN=X,ZAR/NGN,CCY
GHSIDR=X,GHS/IDR,CCY
CNYINR=X,CNY/INR,CCY
MXVUSD=X,MXV/USD,CCY
ZARXDR=X,ZAR/XDR,CCY
INMUA.NX,LYX.USA REAL VLI,ENX
TMTCHF=X,TMT/CHF,CCY
KESISK=X,KES/ISK,CCY
CVEDKK=X,CVE/DKK,CCY
PLNCZK=X,PLN/CZK,CCY
RONUSD=X,RON/USD,CCY
BMDEUR=X,BMD/EUR,CCY
MYRAUD=X,MYR/AUD,CCY
CHFMNT=X,CHF/MNT,CCY
OMRSAR=X,OMR/SAR,CCY
MVR=X,USD/MVR,CCY
MYRZAR=X,MYR/ZAR,CCY
EURTND=X,EUR/TND,CCY
BWPBMD=X,BWP/BMD,CCY
SGDXDR=X,SGD/XDR,CCY
EUR-MZN.F,EUR/MZN,FRA
AWGGBP=X,AWG/GBP,CCY
SEKRSD=X,SEK/RSD,CCY
HUFUAH=X,HUF/UAH,CCY
SARCAD=X,SAR/CAD,CCY
INRTZS=X,INR/TZS,CCY
MURSEK=X,MUR/SEK,CCY
NOKSGD=X,NOK/SGD,CCY
KWDTND=X,KWD/TND,CCY
GBPERN=X,GBP/ERN,CCY
OMRTHB=X,OMR/THB,CCY
ZARAOA=X,ZAR/AOA,CCY
TWDSGD=X,TWD/SGD,CCY
GBPXCD=X,GBP/XCD,CCY
TRYMUR=X,TRY/MUR,CCY
CHFLTL=X,CHF/LTL,CCY
HKDZWL=X,HKD/ZWL,CCY
LTLCZK=X,LTL/CZK,CCY
LYDMAD=X,LYD/MAD,CCY
JPYLAK=X,JPY/LAK,CCY
CNYXDR=X,CNY/XDR,CCY
EURBSD=X,EUR/BSD,CCY
CHFBIF=X,CHF/BIF,CCY
EURCVE=X,EUR/CVE,CCY
UGXTRY=X,UGX/TRY,CCY
NZDZAR=X,NZD/ZAR,CCY
BIF=X,USD/BIF,CCY
TNDHUF=X,TND/HUF,CCY
CADUYU=X,CAD/UYU,CCY
KESKRW=X,KES/KRW,CCY
NPR=X,USD/NPR,CCY
EUR-RUB.F,EUR/RUB,FRA
ILSJOD=X,ILS/JOD,CCY
AUDAV.SW,DAVON GEHAND,EBS
RUBAZN=X,RUB/AZN,CCY
NOKMYR=X,NOK/MYR,CCY
RUBCAD=X,RUB/CAD,CCY
CADQAR=X,CAD/QAR,CCY
ZARCLP=X,ZAR/CLP,CCY
EGPKES=X,EGP/KES,CCY
GBPKWD=X,GBP/KWD,CCY
EURCZK=X,EUR/CZK,CCY
DKK=X,USD/DKK,CCY
GBPCOP=X,GBP/COP,CCY
MYRVEF=X,MYR/VEF,CCY
THBCNY=X,THB/CNY,CCY
UAHCZK=X,UAH/CZK,CCY
OMREGP=X,OMR/EGP,CCY
PLNARS=X,PLN/ARS,CCY
MADZAR=X,MAD/ZAR,CCY
CHFGYD=X,CHF/GYD,CCY
CHFIQD=X,CHF/IQD,CCY
ZARINR=X,ZAR/INR,CCY
HG20.EX,STURM GOLF 20BN 10,EUX
VUVCHF=X,VUV/CHF,CCY
TWDKWD=X,TWD/KWD,CCY
EURLSL=X,EUR/LSL,CCY
ILSSEK=X,ILS/SEK,CCY
JPYPGK=X,JPY/PGK,CCY
JPYZMK=X,,
SEKJPY=X,SEK/JPY,CCY
QARTHB=X,QAR/THB,CCY
PENUYU=X,PEN/UYU,CCY
UGXBWP=X,UGX/BWP,CCY
ISKLTL=X,ISK/LTL,CCY
KWDPLN=X,KWD/PLN,CCY
RUBDKK=X,RUB/DKK,CCY
PHPQAR=X,PHP/QAR,CCY
BBDEUR=X,BBD/EUR,CCY
SEKHKD=X,SEK/HKD,CCY
KWDZAR=X,KWD/ZAR,CCY
PKR=X,USD/PKR,CCY
VUVCLP=X,VUV/CLP,CCY
AUDTTD=X,AUD/TTD,CCY
TRYILS=X,TRY/ILS,CCY
BWPNOK=X,BWP/NOK,CCY
JODCAD=X,JOD/CAD,CCY
CZKHKD=X,CZK/HKD,CCY
MYREUR=X,MYR/EUR,CCY
DKKRON=X,DKK/RON,CCY
HG10.EX,STURM GOLF 10BN 10,EUX
PLNAUD=X,PLN/AUD,CCY
ISKJPY=X,ISK/JPY,CCY
JPYSCR=X,JPY/SCR,CCY
SARKWD=X,SAR/KWD,CCY
EURUSD=X,EUR/USD,CCY
PLNVUV=X,PLN/VUV,CCY
KRWCNY=X,KRW/CNY,CCY
AEDTND=X,AED/TND,CCY
ZMWEUR=X,ZMW/EUR,CCY
GBPKES=X,GBP/KES,CCY
CHFAUD=X,CHF/AUD,CCY
EUR-IQD.F,EUR/IQD,FRA
INRPLN=X,INR/PLN,CCY
GBPBHD=X,GBP/BHD,CCY
SARKRW=X,SAR/KRW,CCY
HRKBAM=X,HRK/BAM,CCY
BWPMAD=X,BWP/MAD,CCY
EUR-UYU.F,EUR/UYU,FRA
SARTHB=X,SAR/THB,CCY
EUR-SLL.F,EUR/SLL,FRA
JMD=X,USD/JMD,CCY
MOP=X,USD/MOP,CCY
EUR-BWP.F,EUR/BWP,FRA
JPYUGX=X,JPY/UGX,CCY
TNDTWD=X,TND/TWD,CCY
NZDKWD=X,NZD/KWD,CCY
VEFUSD=X,VEF/USD,CCY
EUR-RSD.F,EUR/RSD,FRA
PHPHKD=X,PHP/HKD,CCY
PLNBOB=X,PLN/BOB,CCY
EURHUF=X,EUR/HUF,CCY
FJD=X,USD/FJD,CCY
HTGUSD=X,HTG/USD,CCY
EURPKR=X,EUR/PKR,CCY
19753401.SW,GOLD 999.9/1000    ,EBS
MYREGP=X,MYR/EGP,CCY
KRWMAD=X,KRW/MAD,CCY
AEDKRW=X,AED/KRW,CCY
BWPBGN=X,BWP/BGN,CCY
NZDMUR=X,NZD/MUR,CCY
TRYLKR=X,TRY/LKR,CCY
TRYUSD=X,TRY/USD,CCY
IDEBQ.MDD,ELECT BASELOAD Q,MDD
EURBGN=X,EUR/BGN,CCY
ZARNOK=X,ZAR/NOK,CCY
FJDDKK=X,FJD/DKK,CCY
SEKQAR=X,SEK/QAR,CCY
GBPXDR=X,GBP/XDR,CCY
BWPZAR=X,BWP/ZAR,CCY
EURGYD=X,EUR/GYD,CCY
AUDGBP=X,AUD/GBP,CCY
CZKCHF=X,CZK/CHF,CCY
287635=X,,
THBJOD=X,THB/JOD,CCY
ZARKWD=X,ZAR/KWD,CCY
SGDVND=X,SGD/VND,CCY
SEKXDR=X,SEK/XDR,CCY
29134340=X,,
BWPCOP=X,BWP/COP,CCY
AFNUSD=X,AFN/USD,CCY
DKKNZD=X,DKK/NZD,CCY
SGDLTL=X,SGD/LTL,CCY
MURXDR=X,MUR/XDR,CCY
MXNLTL=X,MXN/LTL,CCY
XF000EURRUB2.SG,EUR/RUB FIXING,STU
EUR-BAM.F,EUR/BAM,FRA
QAREGP=X,QAR/EGP,CCY
AUDVEF=X,AUD/VEF,CCY
ETBEUR=X,ETB/EUR,CCY
HRKCZK=X,HRK/CZK,CCY
MYRNZD=X,MYR/NZD,CCY
SARSGD=X,SAR/SGD,CCY
EURLAK=X,EUR/LAK,CCY
MADJPY=X,MAD/JPY,CCY
CADLKR=X,CAD/LKR,CCY
MYRNOK=X,MYR/NOK,CCY
MYRBHD=X,MYR/BHD,CCY
CADZMK=X,,
JPYBIF=X,JPY/BIF,CCY
TND=X,USD/TND,CCY
CZKCAD=X,CZK/CAD,CCY
LTLQAR=X,LTL/QAR,CCY
CADEUR=X,CAD/EUR,CCY
UGXKZT=X,UGX/KZT,CCY
EUR-LAK.F,EUR/LAK,FRA
ISKNOK=X,ISK/NOK,CCY
CNYUGX=X,CNY/UGX,CCY
JPYANG=X,JPY/ANG,CCY
NZDRSD=X,NZD/RSD,CCY
INRDKK=X,INR/DKK,CCY
CADPYG=X,CAD/PYG,CCY
CADGEL=X,CAD/GEL,CCY
EUR-SZL.F,EUR/SZL,FRA
LRDUSD=X,LRD/USD,CCY
BMDUSD=X,BMD/USD,CCY
JPYSYP=X,JPY/SYP,CCY
TRYCNY=X,TRY/CNY,CCY
JMDEUR=X,JMD/EUR,CCY
BRLRUB=X,BRL/RUB,CCY
LKRSGD=X,LKR/SGD,CCY
GBPMAD=X,GBP/MAD,CCY
TTDUSD=X,TTD/USD,CCY
BWPDKK=X,BWP/DKK,CCY
FJDEUR=X,FJD/EUR,CCY
PHPUSD=X,PHP/USD,CCY
PKRCHF=X,PKR/CHF,CCY
HUFRSD=X,HUF/RSD,CCY
HUFMUR=X,HUF/MUR,CCY
ILSJPY=X,ILS/JPY,CCY
ISKLKR=X,ISK/LKR,CCY
NOKKRW=X,NOK/KRW,CCY
QARSAR=X,QAR/SAR,CCY
LTLINR=X,LTL/INR,CCY
INRTND=X,INR/TND,CCY
UGXCZK=X,UGX/CZK,CCY
TNDCNY=X,TND/CNY,CCY
EGPSEK=X,EGP/SEK,CCY
JPYITL=X,JPY/ITL,CCY
INRKES=X,INR/KES,CCY
EURKWD=X,EUR/KWD,CCY
JPYDOP=X,JPY/DOP,CCY
29134353=X,,
NGNCHF=X,NGN/CHF,CCY
CNHIDR=X,CNH/IDR,CCY
COPTHB=X,COP/THB,CCY
EGPTHB=X,EGP/THB,CCY
CZKSGD=X,CZK/SGD,CCY
HRKCAD=X,HRK/CAD,CCY
GBPNPR=X,GBP/NPR,CCY
GBPLKR=X,GBP/LKR,CCY
JPYINR=X,JPY/INR,CCY
DKKKWD=X,DKK/KWD,CCY
GBPSCR=X,GBP/SCR,CCY
GBPMWK=X,GBP/MWK,CCY
LVLCZK=X,LVL/CZK,CCY
TNDEGP=X,TND/EGP,CCY
GHSRUB=X,GHS/RUB,CCY
OMRTRY=X,OMR/TRY,CCY
TNDINR=X,TND/INR,CCY
SRD=X,USD/SRD,CCY
MYRUSD=X,MYR/USD,CCY
985793=X,,
LKREGP=X,LKR/EGP,CCY
EURNOK=X,EUR/NOK,CCY
PLNCOP=X,PLN/COP,CCY
EGPCAD=X,EGP/CAD,CCY
CZKRSD=X,CZK/RSD,CCY
CHFTMT=X,CHF/TMT,CCY
XF000EURAUD4.SG,EUR/AUD FIXING,STU
RONRSD=X,RON/RSD,CCY
CRC=X,USD/CRC,CCY
CADBOB=X,CAD/BOB,CCY
NOKKES=X,NOK/KES,CCY
DZDGBP=X,DZD/GBP,CCY
HUFLTL=X,HUF/LTL,CCY
TNDCZK=X,TND/CZK,CCY
PENDKK=X,PEN/DKK,CCY
EGPSGD=X,EGP/SGD,CCY
BWPWST=X,BWP/WST,CCY
NOKDKK=X,NOK/DKK,CCY
HKDMOP=X,HKD/MOP,CCY
GBPGBP=X,GBP/GBP,CCY
PYGCLP=X,PYG/CLP,CCY
CADKGS=X,CAD/KGS,CCY
CHOE.SW,HOEH.VORTAG,EBS
HKDNGN=X,HKD/NGN,CCY
TWDCZK=X,TWD/CZK,CCY
QARNOK=X,QAR/NOK,CCY
AUDTJS=X,AUD/TJS,CCY
CHFHRK=X,CHF/HRK,CCY
19664658.SW,SILVER COINS 1 UZ,EBS
DKKGBP=X,DKK/GBP,CCY
EGPZAR=X,EGP/ZAR,CCY
RUBAUD=X,RUB/AUD,CCY
JPYPAB=X,JPY/PAB,CCY
EURIRR=X,EUR/IRR,CCY
SARHKD=X,SAR/HKD,CCY
JPYSEK=X,JPY/SEK,CCY
OMRCHF=X,OMR/CHF,CCY
ILSCZK=X,ILS/CZK,CCY
HKDGBP=X,HKD/GBP,CCY
JPYBND=X,JPY/BND,CCY
BWPKWD=X,BWP/KWD,CCY
CZKBRL=X,CZK/BRL,CCY
LVLDKK=X,LVL/DKK,CCY
BZDEUR=X,BZD/EUR,CCY
JPYALL=X,,CCY
AEDAUD=X,AED/AUD,CCY
STD=X,USD/STD,CCY
EURDZD=X,EUR/DZD,CCY
GHSANG=X,GHS/ANG,CCY
JPYUYU=X,JPY/UYU,CCY
NOKCHF=X,NOK/CHF,CCY
LVLTRY=X,LVL/TRY,CCY
BWPRUB=X,BWP/RUB,CCY
ETBGBP=X,ETB/GBP,CCY
LVLQAR=X,LVL/QAR,CCY
HNLCHF=X,HNL/CHF,CCY
QARXDR=X,QAR/XDR,CCY
TRYIDR=X,TRY/IDR,CCY
RUBKRW=X,RUB/KRW,CCY
JODCNY=X,JOD/CNY,CCY
MYRHKD=X,MYR/HKD,CCY
CHFUYU=X,CHF/UYU,CCY
HKDBWP=X,HKD/BWP,CCY
MYRBRL=X,MYR/BRL,CCY
CHFALL=X,,CCY
KWDRUB=X,KWD/RUB,CCY
INRSGD=X,INR/SGD,CCY
KRWMUR=X,KRW/MUR,CCY
LVLHUF=X,LVL/HUF,CCY
CNHTHB=X,CNH/THB,CCY
HKDBHD=X,HKD/BHD,CCY
GBPYER=X,GBP/YER,CCY
CADVEF=X,CAD/VEF,CCY
CADEGP=X,CAD/EGP,CCY
CZKTND=X,CZK/TND,CCY
KRWPHP=X,KRW/PHP,CCY
CNYMXN=X,CNY/MXN,CCY
AUDXCD=X,AUD/XCD,CCY
ISKPHP=X,ISK/PHP,CCY
CHFPAB=X,CHF/PAB,CCY
EUR-SAR.F,EUR/SAR,FRA
LTLKRW=X,LTL/KRW,CCY
MXNSGD=X,MXN/SGD,CCY
EUR-ZMW.F,EUR/ZMW,FRA
NOKBRL=X,NOK/BRL,CCY
SZL=X,USD/SZL,CCY
CNYDKK=X,CNY/DKK,CCY
UGXKYD=X,UGX/KYD,CCY
AUDANG=X,AUD/ANG,CCY
ZARIDR=X,ZAR/IDR,CCY
THBBRL=X,THB/BRL,CCY
NOK=X,USD/NOK,CCY
GHSRSD=X,GHS/RSD,CCY
AMD=X,USD/AMD,CCY
THBHKD=X,THB/HKD,CCY
EUR-NZD.F,EUR/NZD,FRA
LVLPHP=X,LVL/PHP,CCY
CZKSEK=X,CZK/SEK,CCY
CNYKRW=X,CNY/KRW,CCY
UYU=X,USD/UYU,CCY
AUDISK=X,AUD/ISK,CCY
CADBND=X,CAD/BND,CCY
AEDISK=X,AED/ISK,CCY
QARZAR=X,QAR/ZAR,CCY
EUR-BIF.F,EUR/BIF,FRA
JPYGEL=X,JPY/GEL,CCY
EURNGN=X,EUR/NGN,CCY
MXNJPY=X,MXN/JPY,CCY
HKDMAD=X,HKD/MAD,CCY
CHFZAR=X,CHF/ZAR,CCY
NZDLTL=X,NZD/LTL,CCY
QAREUR=X,QAR/EUR,CCY
LYDUSD=X,LYD/USD,CCY
PKRXDR=X,PKR/XDR,CCY
PKRNOK=X,PKR/NOK,CCY
MYRXDR=X,MYR/XDR,CCY
NZDIDR=X,NZD/IDR,CCY
EURUGX=X,EUR/UGX,CCY
TRYNZD=X,TRY/NZD,CCY
PENCHF=X,PEN/CHF,CCY
INRXDR=X,INR/XDR,CCY
GBPSAR=X,GBP/SAR,CCY
HKDVND=X,HKD/VND,CCY
LKRMAD=X,LKR/MAD,CCY
CNYMUR=X,CNY/MUR,CCY
RSDDKK=X,RSD/DKK,CCY
PHPCZK=X,PHP/CZK,CCY
HRKZAR=X,HRK/ZAR,CCY
BRLMYR=X,BRL/MYR,CCY
CNYGBP=X,CNY/GBP,CCY
CADUGX=X,CAD/UGX,CCY
UGXOMR=X,UGX/OMR,CCY
MYRZWL=X,MYR/ZWL,CCY
CHFTOP=X,CHF/TOP,CCY
MRO=X,USD/MRO,CCY
BRLTHB=X,BRL/THB,CCY
QARKES=X,QAR/KES,CCY
AOAUSD=X,AOA/USD,CCY
EUR=X,USD/EUR,CCY
BDTUSD=X,BDT/USD,CCY
QARCZK=X,QAR/CZK,CCY
MXNEGP=X,MXN/EGP,CCY
ILSISK=X,ILS/ISK,CCY
RUBISK=X,RUB/ISK,CCY
MZNGBP=X,MZN/GBP,CCY
CHFLYD=X,CHF/LYD,CCY
JODAED=X,JOD/AED,CCY
SEKTRY=X,SEK/TRY,CCY
LTLRON=X,LTL/RON,CCY
BWPGBP=X,BWP/GBP,CCY
EUR-LTL.F,EUR/LTL,FRA
EUR-KWD.F,EUR/KWD,FRA
KESUSD=X,KES/USD,CCY
TNDMXN=X,TND/MXN,CCY
EUR-BZD.F,EUR/BZD,FRA
CLPPYG=X,CLP/PYG,CCY
MADDKK=X,MAD/DKK,CCY
SEKGIP=X,SEK/GIP,CCY
TRYNOK=X,TRY/NOK,CCY
HKDPHP=X,HKD/PHP,CCY
KGSEUR=X,KGS/EUR,CCY
ILSZAR=X,ILS/ZAR,CCY
THBISK=X,THB/ISK,CCY
NADGBP=X,NAD/GBP,CCY
BDTJPY=X,BDT/JPY,CCY
CADNAD=X,CAD/NAD,CCY
CHFVND=X,CHF/VND,CCY
CZKBGN=X,CZK/BGN,CCY
INRLVL=X,INR/LVL,CCY
JPYKZT=X,JPY/KZT,CCY
JMDGBP=X,JMD/GBP,CCY
LKRNZD=X,LKR/NZD,CCY
FJDCHF=X,FJD/CHF,CCY
QARMAD=X,QAR/MAD,CCY
CHFDZD=X,CHF/DZD,CCY
EUR-EEK.F,EUR/EEK FIXING,FRA
DKKTWD=X,DKK/TWD,CCY
SVCEUR=X,SVC/EUR,CCY
HF43.EX,HURRICANE FUTURES,EUX
NZDHKD=X,NZD/HKD,CCY
ZARKRW=X,ZAR/KRW,CCY
SGDBMD=X,SGD/BMD,CCY
AEDTHB=X,AED/THB,CCY
TRYDKK=X,TRY/DKK,CCY
CZKUAH=X,CZK/UAH,CCY
GBPMYR=X,GBP/MYR,CCY
HKDEGP=X,HKD/EGP,CCY
ZARMAD=X,ZAR/MAD,CCY
LBP=X,USD/LBP,CCY
PHPINR=X,PHP/INR,CCY
TRYZAR=X,TRY/ZAR,CCY
SEKILS=X,SEK/ILS,CCY
EUR-RON.F,EUR/RON,FRA
PLNBRL=X,PLN/BRL,CCY
JPYGMD=X,JPY/GMD,CCY
JODTND=X,JOD/TND,CCY
EURLRD=X,EUR/LRD,CCY
EURBIF=X,EUR/BIF,CCY
ZARJOD=X,ZAR/JOD,CCY
GBPSZL=X,GBP/SZL,CCY
SGDPKR=X,SGD/PKR,CCY
TNDLVL=X,TND/LVL,CCY
AUDEUR=X,AUD/EUR,CCY
CHFPYG=X,CHF/PYG,CCY
GBPPHP=X,GBP/PHP,CCY
MXNBRL=X,MXN/BRL,CCY
ILSKWD=X,ILS/KWD,CCY
AUDBSD=X,AUD/BSD,CCY
HU53.EX,HURRICANE FUTURES,EUX
INRBWP=X,INR/BWP,CCY
BDTGBP=X,BDT/GBP,CCY
RSDUSD=X,RSD/USD,CCY
EUR-AUD.F,EUR/AUD,FRA
ZARUAH=X,ZAR/UAH,CCY
DKKCZK=X,DKK/CZK,CCY
JODINR=X,JOD/INR,CCY
CHFKES=X,CHF/KES,CCY
GBPJMD=X,GBP/JMD,CCY
29134357=X,,
MURTWD=X,MUR/TWD,CCY
UYUEUR=X,UYU/EUR,CCY
SDGEUR=X,SDG/EUR,CCY
BRLAUD=X,BRL/AUD,CCY
20161078.SW,KUPFER 999/1000    ,EBS
GHSBMD=X,GHS/BMD,CCY
GBPBWP=X,GBP/BWP,CCY
MYRNGN=X,MYR/NGN,CCY
UGXSGD=X,UGX/SGD,CCY
CHFTRY=X,CHF/TRY,CCY
GBPNAD=X,GBP/NAD,CCY
SGDNZD=X,SGD/NZD,CCY
TNDTHB=X,TND/THB,CCY
THBIDR=X,THB/IDR,CCY
CHFNIO=X,CHF/NIO,CCY
GBPLBP=X,GBP/LBP,CCY
TRYCHF=X,TRY/CHF,CCY
HKDMXN=X,HKD/MXN,CCY
SARNZD=X,SAR/NZD,CCY
QARTND=X,QAR/TND,CCY
SEKCAD=X,SEK/CAD,CCY
EUR-DKK.F,EUR/DKK,FRA
AEDILS=X,AED/ILS,CCY
LTLSGD=X,LTL/SGD,CCY
CZKNGN=X,CZK/NGN,CCY
CHFILS=X,CHF/ILS,CCY
UGXNAD=X,UGX/NAD,CCY
RUBHKD=X,RUB/HKD,CCY
PAB=X,USD/PAB,CCY
HNLCAD=X,HNL/CAD,CCY
DKKHUF=X,DKK/HUF,CCY
CADNGN=X,CAD/NGN,CCY
FSH1.EX,ITR HV SI NA REC FU,EUX
CADMKD=X,CAD/MKD,CCY
KESTHB=X,KES/THB,CCY
EURGIP=X,EUR/GIP,CCY
CHFLSL=X,CHF/LSL,CCY
SARLVL=X,SAR/LVL,CCY
HKDUYU=X,HKD/UYU,CCY
XPFGBP=X,XPF/GBP,CCY
LKRJOD=X,LKR/JOD,CCY
UGXRON=X,UGX/RON,CCY
JODUSD=X,JOD/USD,CCY
RUBSGD=X,RUB/SGD,CCY
GBPFJD=X,GBP/FJD,CCY
EURJOD=X,EUR/JOD,CCY
OMRPHP=X,OMR/PHP,CCY
JPYAFN=X,JPY/AFN,CCY
ISKZAR=X,ISK/ZAR,CCY
EURCLF=X,EUR/CLF,CCY
TWDTND=X,TWD/TND,CCY
ZARSEK=X,ZAR/SEK,CCY
CHFBGN=X,CHF/BGN,CCY
EURCDF=X,EUR/CDF,CCY
EURSEKFIX=X,,
HU22.EX,STURM USA 20BN 12,EUX
19753421.SW,SILBER 999/1000,EBS
LVLSGD=X,LVL/SGD,CCY
19752549.SW,GOLD 999.9/1000    ,EBS
SGDKRW=X,SGD/KRW,CCY
MYRGBP=X,MYR/GBP,CCY
TOP=X,USD/TOP,CCY
SEKUSD=X,SEK/USD,CCY
EUR-IDR.F,EUR/IDR,FRA
SBDGBP=X,SBD/GBP,CCY
PGKHKD=X,PGK/HKD,CCY
HKDJPY=X,HKD/JPY,CCY
VEFARS=X,VEF/ARS,CCY
29134347=X,,
MXNILS=X,MXN/ILS,CCY
GBPEUR=X,GBP/EUR,CCY
SGDVEF=X,SGD/VEF,CCY
MUROMR=X,MUR/OMR,CCY
CLPMXN=X,CLP/MXN,CCY
CYP=X,USD/CYP,CCY
DKKLTL=X,DKK/LTL,CCY
9B4B.MU,CARBON DIOXIDE,MUN
BAMGBP=X,BAM/GBP,CCY
EUR-MKD.F,EUR/MKD,FRA
19754120.SW,SILBER 999/1000    ,EBS
RUBKGS=X,RUB/KGS,CCY
LTLCHF=X,LTL/CHF,CCY
THBBOB=X,THB/BOB,CCY
EUR-JPY.F,EUR/JPY,FRA
SARTWD=X,SAR/TWD,CCY
SGDCNH=X,SGD/CNH,CCY
RUBAMD=X,RUB/AMD,CCY
CADLBP=X,CAD/LBP,CCY
XF000EURJPY1.SG,EUR/JPY FIXING,STU
CADJOD=X,CAD/JOD,CCY
LVLAED=X,LVL/AED,CCY
CHFARS=X,CHF/ARS,CCY
CADFKP=X,CAD/FKP,CCY
VEFTHB=X,VEF/THB,CCY
GHSRON=X,GHS/RON,CCY
MOPUSD=X,MOP/USD,CCY
GBPJPY=X,GBP/JPY,CCY
JPYAUD=X,JPY/AUD,CCY
XPFUSD=X,XPF/USD,CCY
FJDJPY=X,FJD/JPY,CCY
TWDCNH=X,TWD/CNH,CCY
CHFSTD=X,CHF/STD,CCY
CHFMMK=X,CHF/MMK,CCY
EUREUR=X,EUR/EUR,CCY
CADDKK=X,CAD/DKK,CCY
OMRHKD=X,OMR/HKD,CCY
OMRIDR=X,OMR/IDR,CCY
CNYCAD=X,CNY/CAD,CCY
CADBBD=X,CAD/BBD,CCY
EURUSDCB.ME,EUR/USD,MCX
KESPLN=X,KES/PLN,CCY
ARSPYG=X,ARS/PYG,CCY
LKRNOK=X,LKR/NOK,CCY
HUFISK=X,HUF/ISK,CCY
CADZAR=X,CAD/ZAR,CCY
BNDGBP=X,BND/GBP,CCY
EUR-XOF.F,EUR/XOF,FRA
WSTEUR=X,WST/EUR,CCY
MXNCHF=X,MXN/CHF,CCY
EURSAR=X,EUR/SAR,CCY
LVLKRW=X,LVL/KRW,CCY
RUBPHP=X,RUB/PHP,CCY
GBPWST=X,GBP/WST,CCY
JPYISK=X,JPY/ISK,CCY
HKDCLP=X,HKD/CLP,CCY
KESJOD=X,KES/JOD,CCY
SEKZAR=X,SEK/ZAR,CCY
RUBHUF=X,RUB/HUF,CCY
JPYGBP=X,JPY/GBP,CCY
ISKDKK=X,ISK/DKK,CCY
MADMXN=X,MAD/MXN,CCY
EUR-AFN.F,EUR/AFN,FRA
MURNZD=X,MUR/NZD,CCY
10366999.EX,STURM USA 40BN 10,EUX
LVLMUR=X,LVL/MUR,CCY
BHDDKK=X,BHD/DKK,CCY
AEDSAR=X,AED/SAR,CCY
JODKWD=X,JOD/KWD,CCY
ZARTHB=X,ZAR/THB,CCY
ILSTND=X,ILS/TND,CCY
GBPLYD=X,GBP/LYD,CCY
29134333=X,,
EURMOP=X,EUR/MOP,CCY
SGDMUR=X,SGD/MUR,CCY
PHPCAD=X,PHP/CAD,CCY
ILSSGD=X,ILS/SGD,CCY
UGXBDT=X,UGX/BDT,CCY
GHSPEN=X,GHS/PEN,CCY
AUDFJD=X,AUD/FJD,CCY
SEKJOD=X,SEK/JOD,CCY
CADBDT=X,CAD/BDT,CCY
SGDCZK=X,SGD/CZK,CCY
ISKXDR=X,ISK/XDR,CCY
ZARSZL=X,ZAR/SZL,CCY
XAFDKK=X,XAF/DKK,CCY
GBPAMD=X,GBP/AMD,CCY
BAMEUR=X,BAM/EUR,CCY
HKDSEK=X,HKD/SEK,CCY
NZDNOK=X,NZD/NOK,CCY
KESQAR=X,KES/QAR,CCY
THBDKK=X,THB/DKK,CCY
GBPBTN=X,GBP/BTN,CCY
MXNBOB=X,MXN/BOB,CCY
ALLEUR=X,ALL/EUR,CCY
CHFNAD=X,CHF/NAD,CCY
SGDRUB=X,SGD/RUB,CCY
BWPSBD=X,BWP/SBD,CCY
BBDGBP=X,BBD/GBP,CCY
CADCLP=X,CAD/CLP,CCY
ALL=X,USD/ALL,CCY
KRWCZK=X,KRW/CZK,CCY
SRDGBP=X,SRD/GBP,CCY
TWDHUF=X,TWD/HUF,CCY
RUBUSD=X,RUB/USD,CCY
ISKQAR=X,ISK/QAR,CCY
GHSGBP=X,GHS/GBP,CCY
CHFERN=X,CHF/ERN,CCY
SGDTRY=X,SGD/TRY,CCY
MYRJPY=X,MYR/JPY,CCY
SEKBAM=X,SEK/BAM,CCY
LKRTRY=X,LKR/TRY,CCY
BGNGBP=X,BGN/GBP,CCY
TWDCHF=X,TWD/CHF,CCY
LTLHKD=X,LTL/HKD,CCY
KWDLVL=X,KWD/LVL,CCY
SGDLKR=X,SGD/LKR,CCY
VEFGBP=X,VEF/GBP,CCY
ARSMXN=X,ARS/MXN,CCY
KRWPKR=X,KRW/PKR,CCY
XPFCHF=X,XPF/CHF,CCY
THBUYU=X,THB/UYU,CCY
SARQAR=X,SAR/QAR,CCY
ILSPHP=X,ILS/PHP,CCY
MADHKD=X,MAD/HKD,CCY
EURZAR=X,EUR/ZAR,CCY
JMDCAD=X,JMD/CAD,CCY
CZKPKR=X,CZK/PKR,CCY
CVECHF=X,CVE/CHF,CCY
JPYRWF=X,JPY/RWF,CCY
TRYCLP=X,TRY/CLP,CCY
AUDTHB=X,AUD/THB,CCY
AUDMAD=X,AUD/MAD,CCY
MYRUYU=X,MYR/UYU,CCY
JPYXPF=X,JPY/XPF,CCY
CZKTWD=X,CZK/TWD,CCY
UGXRSD=X,UGX/RSD,CCY
BRLCLP=X,BRL/CLP,CCY
MURSGD=X,MUR/SGD,CCY
BOBVEF=X,BOB/VEF,CCY
JPYKPW=X,JPY/KPW,CCY
CADGBP=X,CAD/GBP,CCY
EURHRK=X,EUR/HRK,CCY
OMRJOD=X,OMR/JOD,CCY
PABEUR=X,PAB/EUR,CCY
AUKOT.SW,KOT.AKTIEN,EBS
DKKLVL=X,DKK/LVL,CCY
INRGHS=X,INR/GHS,CCY
CADLRD=X,CAD/LRD,CCY
JPYBRL=X,JPY/BRL,CCY
CHFANG=X,CHF/ANG,CCY
GBPBMD=X,GBP/BMD,CCY
NOKGBP=X,NOK/GBP,CCY
CADCVE=X,CAD/CVE,CCY
EURMXN=X,EUR/MXN,CCY
KWDMUR=X,KWD/MUR,CCY
BHDSAR=X,BHD/SAR,CCY
NOKLVL=X,NOK/LVL,CCY
JPYPKR=X,JPY/PKR,CCY
CZKBHD=X,CZK/BHD,CCY
GBPXOF=X,GBP/XOF,CCY
INRCNY=X,INR/CNY,CCY
AFNCHF=X,AFN/CHF,CCY
19666222.SW,SILVER COINS 10 UZ,EBS
BWPCNY=X,BWP/CNY,CCY
ZARBRL=X,ZAR/BRL,CCY
HKDLKR=X,HKD/LKR,CCY
EUR-GNF.F,EUR/GNF,FRA
LTLEGP=X,LTL/EGP,CCY
GBPINR=X,GBP/INR,CCY
CADTZS=X,CAD/TZS,CCY
TWDGBP=X,TWD/GBP,CCY
EGPTND=X,EGP/TND,CCY
CADSBD=X,CAD/SBD,CCY
CZKILS=X,CZK/ILS,CCY
EUR-MNT.F,EUR/MNT,FRA
IDEPY.MDD,ELECTR. PEAKLOAD Y,MDD
BYR=X,USD/BYR,CCY
EUR-UAH.F,EUR/UAH,FRA
LVLGBP=X,LVL/GBP,CCY
CHFTZS=X,CHF/TZS,CCY
TRYAUD=X,TRY/AUD,CCY
CADHNL=X,CAD/HNL,CCY
ISKRUB=X,ISK/RUB,CCY
SEKHUF=X,SEK/HUF,CCY
JODHUF=X,JOD/HUF,CCY
CHFEGP=X,CHF/EGP,CCY
SARILS=X,SAR/ILS,CCY
XF000EURIDR3.SG,EUR/IDR FIXING,STU
GHSTND=X,GHS/TND,CCY
EUR-LYD.F,EUR/LYD,FRA
NOKPLN=X,NOK/PLN,CCY
EUR-ISK.F,EUR/ISK,FRA
UGXDKK=X,UGX/DKK,CCY
MDLEUR=X,MDL/EUR,CCY
CADSEK=X,CAD/SEK,CCY
THBTWD=X,THB/TWD,CCY
DKKQAR=X,DKK/QAR,CCY
SYPQAR=X,SYP/QAR,CCY
ISKMUR=X,ISK/MUR,CCY
274702=X,,
29134354=X,,
PKRAUD=X,PKR/AUD,CCY
CHFAMD=X,CHF/AMD,CCY
SEKPHP=X,SEK/PHP,CCY
JPYJMD=X,JPY/JMD,CCY
CADPAB=X,CAD/PAB,CCY
PLNNGN=X,PLN/NGN,CCY
COPJPY=X,COP/JPY,CCY
CNYISK=X,CNY/ISK,CCY
QARPKR=X,QAR/PKR,CCY
19753566.SW,SILBER 999/1000,EBS
LTLMUR=X,LTL/MUR,CCY
KWDGBP=X,KWD/GBP,CCY
SARSEK=X,SAR/SEK,CCY
TNDAUD=X,TND/AUD,CCY
UGXBGN=X,UGX/BGN,CCY
MXNTND=X,MXN/TND,CCY
SGDARS=X,SGD/ARS,CCY
CADMRO=X,CAD/MRO,CCY
ILSEUR=X,ILS/EUR,CCY
GDEBM.MDD,ELECT. BASE.GER M,MDD
CADHKD=X,CAD/HKD,CCY
FCPU.EX,GBP/USD,EUX
MVRUSD=X,MVR/USD,CCY
SEKAUD=X,SEK/AUD,CCY
EGPSAR=X,EGP/SAR,CCY
19666223.SW,SILVER COINS 1 KG,EBS
LTLMAD=X,LTL/MAD,CCY
BDTSGD=X,BDT/SGD,CCY
IDRINR=X,IDR/INR,CCY
DZDMAD=X,DZD/MAD,CCY
XF000EURGBP5.SG,EUR/GBP FIXING,STU
GHSBRL=X,GHS/BRL,CCY
GDEPQ.MDD,ELECT. PEAK.GER Q,MDD
GBPAUD=X,GBP/AUD,CCY
SARJPY=X,SAR/JPY,CCY
QARCAD=X,QAR/CAD,CCY
GHSPKR=X,GHS/PKR,CCY
HKDEUR=X,HKD/EUR,CCY
CHFOMR=X,CHF/OMR,CCY
NIOUSD=X,NIO/USD,CCY
SEKINR=X,SEK/INR,CCY
EGPEUR=X,EGP/EUR,CCY
MADKES=X,MAD/KES,CCY
EURBDT=X,EUR/BDT,CCY
ZARKES=X,ZAR/KES,CCY
INRIDR=X,INR/IDR,CCY
DKKTHB=X,DKK/THB,CCY
BRLNOK=X,BRL/NOK,CCY
AUDCNH=X,AUD/CNH,CCY
PENUSD=X,PEN/USD,CCY
RSO.PA,COLESEED OIL,PAR
ZARSGD=X,ZAR/SGD,CCY
XAF=X,USD/XAF,CCY
JPYBYR=X,JPY/BYR,CCY
INRTWD=X,INR/TWD,CCY
AUDLTL=X,AUD/LTL,CCY
TWDLKR=X,TWD/LKR,CCY
SAR=X,USD/SAR,CCY
THBILS=X,THB/ILS,CCY
OMRLTL=X,OMR/LTL,CCY
TNDRUB=X,TND/RUB,CCY
OCEU.EX,EUR/USD,EUX
JMDUSD=X,JMD/USD,CCY
BBDCHF=X,BBD/CHF,CCY
GIPDKK=X,GIP/DKK,CCY
SEKKWD=X,SEK/KWD,CCY
MYR=X,USD/MYR,CCY
29134366=X,,
BDTCAD=X,BDT/CAD,CCY
JPYNPR=X,JPY/NPR,CCY
EUR-KZT.F,EUR/KZT,FRA
PHPILS=X,PHP/ILS,CCY
MYRTHB=X,MYR/THB,CCY
MURILS=X,MUR/ILS,CCY
AEDINR=X,AED/INR,CCY
EUR-XCD.F,EUR/XCD,FRA
PLNCLP=X,PLN/CLP,CCY
CZKZAR=X,CZK/ZAR,CCY
SGD=X,USD/SGD,CCY
BSDEUR=X,BSD/EUR,CCY
HRKILS=X,HRK/ILS,CCY
BWPTHB=X,BWP/THB,CCY
OMRNZD=X,OMR/NZD,CCY
HKDARS=X,HKD/ARS,CCY
MXNIDR=X,MXN/IDR,CCY
MADMUR=X,MAD/MUR,CCY
DKKNOK=X,DKK/NOK,CCY
SEKTHB=X,SEK/THB,CCY
CADNIO=X,CAD/NIO,CCY
JPYVND=X,JPY/VND,CCY
TJS=X,USD/TJS,CCY
CZKLVL=X,CZK/LVL,CCY
MYRSEK=X,MYR/SEK,CCY
DKKPKR=X,DKK/PKR,CCY
TRYGBP=X,TRY/GBP,CCY
OMR=X,USD/OMR,CCY
LVLLTL=X,LVL/LTL,CCY
GBPSLL=X,GBP/SLL,CCY
LTLOMR=X,LTL/OMR,CCY
ILSEGP=X,ILS/EGP,CCY
UGXHUF=X,UGX/HUF,CCY
HRKKRW=X,HRK/KRW,CCY
EURSOS=X,EUR/SOS,CCY
VUVSAR=X,VUV/SAR,CCY
MYRPKR=X,MYR/PKR,CCY
HKDVEF=X,HKD/VEF,CCY
EUR-LSL.F,EUR/LSL,FRA
EGPPHP=X,EGP/PHP,CCY
EURUZS=X,EUR/UZS,CCY
EUR-USD.F,EUR/USD,FRA
JPYPHP=X,JPY/PHP,CCY
NIO=X,USD/NIO,CCY
EURSBD=X,EUR/SBD,CCY
TNDUSD=X,TND/USD,CCY
JPYSHP=X,JPY/SHP,CCY
CHFGTQ=X,CHF/GTQ,CCY
PHPSAR=X,PHP/SAR,CCY
GBPBOB=X,GBP/BOB,CCY
DKKMYR=X,DKK/MYR,CCY
UGXZWL=X,UGX/ZWL,CCY
EUR-LKR.F,EUR/LKR,FRA
QARLVL=X,QAR/LVL,CCY
NOKRON=X,NOK/RON,CCY
NZDISK=X,NZD/ISK,CCY
EURKES=X,EUR/KES,CCY
GHSMOP=X,GHS/MOP,CCY
RWF=X,USD/RWF,CCY
CADISK=X,CAD/ISK,CCY
JPYUSD=X,JPY/USD,CCY
HKDTRY=X,HKD/TRY,CCY
EUR-NIO.F,EUR/NIO,FRA
EURUAH=X,EUR/UAH,CCY
CZKINR=X,CZK/INR,CCY
SBDCHF=X,SBD/CHF,CCY
CADBIF=X,CAD/BIF,CCY
PGKGBP=X,PGK/GBP,CCY
BWPIDR=X,BWP/IDR,CCY
AUDEGP=X,AUD/EGP,CCY
GHSNOK=X,GHS/NOK,CCY
MYRPEN=X,MYR/PEN,CCY
CHFUSD=X,CHF/USD,CCY
MYRMUR=X,MYR/MUR,CCY
DKKPHP=X,DKK/PHP,CCY
JODCHF=X,JOD/CHF,CCY
MXNRUB=X,MXN/RUB,CCY
BRLARS=X,BRL/ARS,CCY
LVLTND=X,LVL/TND,CCY
EURSHP=X,EUR/SHP,CCY
SGDEUR=X,SGD/EUR,CCY
BGNUSD=X,BGN/USD,CCY
TWDNOK=X,TWD/NOK,CCY
CADAED=X,CAD/AED,CCY
DKKZAR=X,DKK/ZAR,CCY
ARSHKD=X,ARS/HKD,CCY
GBPLVL=X,GBP/LVL,CCY
KWDXDR=X,KWD/XDR,CCY
EODL.F,EUR/USD FIXING,FRA
BRLVEF=X,BRL/VEF,CCY
CNYPLN=X,CNY/PLN,CCY
CHFNOK=X,CHF/NOK,CCY
IDEPQ.MDD,ELECTR. PEAKLOAD Q,MDD
NZDLVL=X,NZD/LVL,CCY
PLNLKR=X,PLN/LKR,CCY
AUDERN=X,AUD/ERN,CCY
ZARCNY=X,ZAR/CNY,CCY
GBPUSD=X,GBP/USD,CCY
JPYTHB=X,JPY/THB,CCY
TWDPHP=X,TWD/PHP,CCY
MXNNZD=X,MXN/NZD,CCY
AUDKES=X,AUD/KES,CCY
GBPIQD=X,GBP/IQD,CCY
THBSAR=X,THB/SAR,CCY
ANGGBP=X,ANG/GBP,CCY
CADANG=X,CAD/ANG,CCY
GBPZWL=X,GBP/ZWL,CCY
CNYKES=X,CNY/KES,CCY
MXNSAR=X,MXN/SAR,CCY
KWDTRY=X,KWD/TRY,CCY
KESMUR=X,KES/MUR,CCY
FSC1.EX,ITR CR SI NA REC FU,EUX
CNYILS=X,CNY/ILS,CCY
THBMUR=X,THB/MUR,CCY
ILSGBP=X,ILS/GBP,CCY
MYROMR=X,MYR/OMR,CCY
INRMXN=X,INR/MXN,CCY
TRYKRW=X,TRY/KRW,CCY
EURSZL=X,EUR/SZL,CCY
KESSAR=X,KES/SAR,CCY
MADPLN=X,MAD/PLN,CCY
MXNCAD=X,MXN/CAD,CCY
VEFEUR=X,VEF/EUR,CCY
HKDUSD=X,HKD/USD,CCY
TRYKES=X,TRY/KES,CCY
BWPKRW=X,BWP/KRW,CCY
AEDOMR=X,AED/OMR,CCY
HUFTND=X,HUF/TND,CCY
GBPPGK=X,GBP/PGK,CCY
JODNZD=X,JOD/NZD,CCY
HU33.EX,HURRICANE FUTURES,EUX
MZN=X,USD/MZN,CCY
JPYUZS=X,JPY/UZS,CCY
HF53.EX,HURRICANE FUTURES,EUX
KRWMXN=X,KRW/MXN,CCY
CHFGEL=X,CHF/GEL,CCY
MURNOK=X,MUR/NOK,CCY
THBLBP=X,THB/LBP,CCY
LTLZAR=X,LTL/ZAR,CCY
MXNSEK=X,MXN/SEK,CCY
EGPJOD=X,EGP/JOD,CCY
TTD=X,USD/TTD,CCY
GMDCHF=X,GMD/CHF,CCY
NADUSD=X,NAD/USD,CCY
EUR-DJF.F,EUR/DJF,FRA
UGXINR=X,UGX/INR,CCY
HRKHKD=X,HRK/HKD,CCY
19752585.SW,GOLD 999.9/1000    ,EBS
GHSINR=X,GHS/INR,CCY
3017005.EX,ITR EUR CR 5Y IND F,EUX
CHFPLN=X,CHF/PLN,CCY
FJDAUD=X,FJD/AUD,CCY
CADFJD=X,CAD/FJD,CCY
PHPRUB=X,PHP/RUB,CCY
EURSRD=X,EUR/SRD,CCY
NZDINR=X,NZD/INR,CCY
BNDIDR=X,BND/IDR,CCY
COP=X,USD/COP,CCY
PHPISK=X,PHP/ISK,CCY
EURMDL=X,EUR/MDL,CCY
HUFKRW=X,HUF/KRW,CCY
ZARCAD=X,ZAR/CAD,CCY
CHFNGN=X,CHF/NGN,CCY
TOPCHF=X,TOP/CHF,CCY
EUR-RWF.F,EUR/RWF,FRA
CADLAK=X,CAD/LAK,CCY
MKDEUR=X,MKD/EUR,CCY
881347.VI,ATS/EUR FIXING,VIE
GHSOMR=X,GHS/OMR,CCY
GBPTZS=X,GBP/TZS,CCY
CHFMZN=X,CHF/MZN,CCY
BRLPYG=X,BRL/PYG,CCY
MURKES=X,MUR/KES,CCY
ARSCLP=X,ARS/CLP,CCY
SGDLBP=X,SGD/LBP,CCY
OCUF.EX,USD/CHF,EUX
AWGEUR=X,AWG/EUR,CCY
GBPHRK=X,GBP/HRK,CCY
ISKEUR=X,ISK/EUR,CCY
PLNSEK=X,PLN/SEK,CCY
TNDAED=X,TND/AED,CCY
LTLNZD=X,LTL/NZD,CCY
OMRINR=X,OMR/INR,CCY
EUR-BSD.F,EUR/BSD,FRA
HTGGBP=X,HTG/GBP,CCY
HU23.EX,HURRICANE FUTURES,EUX
SCREUR=X,SCR/EUR,CCY
11729129=X,,
PLNAED=X,PLN/AED,CCY
KWDIDR=X,KWD/IDR,CCY
UGXBRL=X,UGX/BRL,CCY
ISKKRW=X,ISK/KRW,CCY
EURKMF=X,EUR/KMF,CCY
AUDKYD=X,AUD/KYD,CCY
19752592.SW,GOLD 999.9/1000    ,EBS
SARRUB=X,SAR/RUB,CCY
GHSTRY=X,GHS/TRY,CCY
KWDAED=X,KWD/AED,CCY
CNHTWD=X,CNH/TWD,CCY
ILSCAD=X,ILS/CAD,CCY
MXNDKK=X,MXN/DKK,CCY
ISKUSD=X,ISK/USD,CCY
HUFCZK=X,HUF/CZK,CCY
THBHUF=X,THB/HUF,CCY
OMRNOK=X,OMR/NOK,CCY
CLPBRL=X,CLP/BRL,CCY
TRYEGP=X,TRY/EGP,CCY
EUR-UGX.F,EUR/UGX,FRA
AWG=X,USD/AWG,CCY
GBPMKD=X,GBP/MKD,CCY
EUR-LVL.F,EUR/LVL,FRA
RUBEUR=X,RUB/EUR,CCY
ARSPEN=X,ARS/PEN,CCY
SGDHUF=X,SGD/HUF,CCY
CHFKZT=X,CHF/KZT,CCY
LVLZAR=X,LVL/ZAR,CCY
LSLCHF=X,LSL/CHF,CCY
GBPSHP=X,GBP/SHP,CCY
AOAGBP=X,AOA/GBP,CCY
29134364=X,,
MXNKRW=X,MXN/KRW,CCY
AUDHUF=X,AUD/HUF,CCY
CADRUB=X,CAD/RUB,CCY
RUBTND=X,RUB/TND,CCY
RUBIDR=X,RUB/IDR,CCY
UGXNOK=X,UGX/NOK,CCY
AUDRSD=X,AUD/RSD,CCY
EURMUR=X,EUR/MUR,CCY
CHFVUV=X,CHF/VUV,CCY
ISKGBP=X,ISK/GBP,CCY
AUDKWD=X,AUD/KWD,CCY
SAREGP=X,SAR/EGP,CCY
RUBINR=X,RUB/INR,CCY
ILSCLP=X,ILS/CLP,CCY
HU50.EX,STURM USA 50BN 10,EUX
SARAED=X,SAR/AED,CCY
AUDCOP=X,AUD/COP,CCY
OCPF.EX,GBP/CHF,EUX
JPYCRC=X,JPY/CRC,CCY
ARSCOP=X,ARS/COP,CCY
IDRISK=X,IDR/ISK,CCY
ARSDKK=X,ARS/DKK,CCY
EUR-CLP.F,EUR/CLP,FRA
LVLTHB=X,LVL/THB,CCY
EDX.PA,EUR/USD,PAR
MWK=X,USD/MWK,CCY
SEKBRL=X,SEK/BRL,CCY
AUDSCR=X,AUD/SCR,CCY
29134359=X,,
AEDXDR=X,AED/XDR,CCY
KRWISK=X,KRW/ISK,CCY
INRCHF=X,INR/CHF,CCY
KWDOMR=X,KWD/OMR,CCY
GBPUZS=X,GBP/UZS,CCY
MOPEUR=X,MOP/EUR,CCY
PLNJOD=X,PLN/JOD,CCY
ZAROMR=X,ZAR/OMR,CCY
KESHKD=X,KES/HKD,CCY
MURAED=X,MUR/AED,CCY
INRHUF=X,INR/HUF,CCY
MDLGBP=X,MDL/GBP,CCY
EGPIDR=X,EGP/IDR,CCY
CHFUAH=X,CHF/UAH,CCY
EGPCNY=X,EGP/CNY,CCY
GDEPM.MDD,ELECT. PEAK.GER M,MDD
LTLMXN=X,LTL/MXN,CCY
GBPMRO=X,GBP/MRO,CCY
MXNUYU=X,MXN/UYU,CCY
EUR-MUR.F,EUR/MUR,FRA
NIOEUR=X,NIO/EUR,CCY
DKKCNY=X,DKK/CNY,CCY
TRYTWD=X,TRY/TWD,CCY
CHFCZK=X,CHF/CZK,CCY
XOF=X,USD/XOF,CCY
NOKJPY=X,NOK/JPY,CCY
JPYTND=X,JPY/TND,CCY
GHSWST=X,GHS/WST,CCY
EUR-BHD.F,EUR/BHD,FRA
CHFSYP=X,CHF/SYP,CCY
CZKMXN=X,CZK/MXN,CCY
RONSGD=X,RON/SGD,CCY
THBNOK=X,THB/NOK,CCY
EODK.F,EUR/DKK FIXING,FRA
CHFBHD=X,CHF/BHD,CCY
EURVND=X,EUR/VND,CCY
NZDHRK=X,NZD/HRK,CCY
ISKTWD=X,ISK/TWD,CCY
EURIDR=X,EUR/IDR,CCY
PHPNOK=X,PHP/NOK,CCY
THBCLP=X,THB/CLP,CCY
CHFBYR=X,CHF/BYR,CCY
GBPAZN=X,GBP/AZN,CCY
GHSDKK=X,GHS/DKK,CCY
BRLSGD=X,BRL/SGD,CCY
MURDKK=X,MUR/DKK,CCY
JPYCLP=X,JPY/CLP,CCY
BGNTHB=X,BGN/THB,CCY
GHSEGP=X,GHS/EGP,CCY
DKKGIP=X,DKK/GIP,CCY
ZARGHS=X,ZAR/GHS,CCY
HU32.EX,STURM USA 30BN 2012,EUX
JPYSBD=X,JPY/SBD,CCY
BWPAFN=X,BWP/AFN,CCY
ISKPLN=X,ISK/PLN,CCY
XF000EURUSD6.SG,EUR/USD FIXING,STU
BWPSAR=X,BWP/SAR,CCY
LTLTWD=X,LTL/TWD,CCY
DKKRSD=X,DKK/RSD,CCY
MXNHKD=X,MXN/HKD,CCY
IDRKES=X,IDR/KES,CCY
CHFLAK=X,CHF/LAK,CCY
CZKPHP=X,CZK/PHP,CCY
CHFGBP=X,CHF/GBP,CCY
TWDPKR=X,TWD/PKR,CCY
INRBRL=X,INR/BRL,CCY
29134370=X,,
CADBWP=X,CAD/BWP,CCY
PGK=X,USD/PGK,CCY
29134335=X,,
CLF=X,USD/CLF,CCY
CADSVC=X,CAD/SVC,CCY
EGPMAD=X,EGP/MAD,CCY
THBZAR=X,THB/ZAR,CCY
CLFUSD=X,CLF/USD,CCY
CHFGIP=X,CHF/GIP,CCY
RUBLKR=X,RUB/LKR,CCY
UGXTZS=X,UGX/TZS,CCY
OMRMUR=X,OMR/MUR,CCY
NIOGBP=X,NIO/GBP,CCY
EUR-SRD.F,EUR/SRD,FRA
LVLRUB=X,LVL/RUB,CCY
GBPMZN=X,GBP/MZN,CCY
MYRSAR=X,MYR/SAR,CCY
GBPBND=X,GBP/BND,CCY
DKKBGN=X,DKK/BGN,CCY
HUFZAR=X,HUF/ZAR,CCY
KWDSAR=X,KWD/SAR,CCY
PLNMUR=X,PLN/MUR,CCY
PHPMXN=X,PHP/MXN,CCY
RUBNOK=X,RUB/NOK,CCY
JPYPYG=X,JPY/PYG,CCY
SVCUSD=X,SVC/USD,CCY
UGXISK=X,UGX/ISK,CCY
HRKGBP=X,HRK/GBP,CCY
SEKEUR=X,SEK/EUR,CCY
CZKUSD=X,CZK/USD,CCY
XCDCHF=X,XCD/CHF,CCY
14243440.SW,HELVETIA 1/5 GOLD,EBS
SEKKES=X,SEK/KES,CCY
KWDLTL=X,KWD/LTL,CCY
MURTND=X,MUR/TND,CCY
GBPKPW=X,GBP/KPW,CCY
MZNEUR=X,MZN/EUR,CCY
CHFCRC=X,CHF/CRC,CCY
BOBBRL=X,BOB/BRL,CCY
EURWST=X,EUR/WST,CCY
GBPUGX=X,GBP/UGX,CCY
JODDKK=X,JOD/DKK,CCY
TRY=X,USD/TRY,CCY
EURGBP=X,EUR/GBP,CCY
CHFBWP=X,CHF/BWP,CCY
BTNGBP=X,BTN/GBP,CCY
EURCUP=X,EUR/CUP,CCY
ERNUSD=X,ERN/USD,CCY
EURISK=X,EUR/ISK,CCY
JPYZWL=X,JPY/ZWL,CCY
ZMWDKK=X,ZMW/DKK,CCY
EURGNF=X,EUR/GNF,CCY
EGPMXN=X,EGP/MXN,CCY
EURTRY=X,EUR/TRY,CCY
SGDTHB=X,SGD/THB,CCY
MOPGBP=X,MOP/GBP,CCY
ZMWJPY=X,ZMW/JPY,CCY
GBPMGA=X,GBP/MGA,CCY
KRWUGX=X,KRW/UGX,CCY
RONDKK=X,RON/DKK,CCY
EURNIO=X,EUR/NIO,CCY
TWDNZD=X,TWD/NZD,CCY
VUVCOP=X,VUV/COP,CCY
EOCD.F,EUR/CAD FIXING,FRA
AUDBBD=X,AUD/BBD,CCY
LAK=X,USD/LAK,CCY
ISKCHF=X,ISK/CHF,CCY
BWPTRY=X,BWP/TRY,CCY
19753383.SW,GOLD 999.9/1000    ,EBS
QARBHD=X,QAR/BHD,CCY
SGDCHF=X,SGD/CHF,CCY
AUDHRK=X,AUD/HRK,CCY
EUR-MXN.F,EUR/MXN,FRA
AUDTND=X,AUD/TND,CCY
KES=X,USD/KES,CCY
MADSGD=X,MAD/SGD,CCY
ARSEUR=X,ARS/EUR,CCY
EUR-AED.F,EUR/AED,FRA
TWDLTL=X,TWD/LTL,CCY
GHSARS=X,GHS/ARS,CCY
EURKPW=X,EUR/KPW,CCY
GBPTHB=X,GBP/THB,CCY
HUFIDR=X,HUF/IDR,CCY
AUDMXN=X,AUD/MXN,CCY
HRKNZD=X,HRK/NZD,CCY
ARSJPY=X,ARS/JPY,CCY
TRYSEK=X,TRY/SEK,CCY
JPYNIO=X,JPY/NIO,CCY
BGNDKK=X,BGN/DKK,CCY
IRR=X,USD/IRR,CCY
UAHCHF=X,UAH/CHF,CCY
MXNUSD=X,MXN/USD,CCY
JPYKGS=X,JPY/KGS,CCY
CNYEGP=X,CNY/EGP,CCY
TNDNZD=X,TND/NZD,CCY
NOKHKD=X,NOK/HKD,CCY
GBP=X,USD/GBP,CCY
TWDCNY=X,TWD/CNY,CCY
JPYFJD=X,JPY/FJD,CCY
KESNZD=X,KES/NZD,CCY
KWDCZK=X,KWD/CZK,CCY
HRKINR=X,HRK/INR,CCY
MURLVL=X,MUR/LVL,CCY
EURLYD=X,EUR/LYD,CCY
GBPQAR=X,GBP/QAR,CCY
HU10.EX,STURM USA 20BN 10,EUX
CZKPGK=X,CZK/PGK,CCY
EUR-OMR.F,EUR/OMR,FRA
JODRUB=X,JOD/RUB,CCY
OMRISK=X,OMR/ISK,CCY
EUR-YER.F,EUR/YER,FRA
NZDTHB=X,NZD/THB,CCY
CHFCUP=X,CHF/CUP,CCY
MUREUR=X,MUR/EUR,CCY
GBPSDG=X,GBP/SDG,CCY
GBPCLP=X,GBP/CLP,CCY
NZDILS=X,NZD/ILS,CCY
HU20.EX,STURM USA 20BN 10,EUX
BHDHKD=X,BHD/HKD,CCY
XF000EURSEK5.SG,EUR/SEK FIXING,STU
HUFMXN=X,HUF/MXN,CCY
ISKHKD=X,ISK/HKD,CCY
MXNMYR=X,MXN/MYR,CCY
PLNJPY=X,PLN/JPY,CCY
AUTIE.SW,TIEF.VORTAG,EBS
MAD=X,USD/MAD,CCY
MZNCHF=X,MZN/CHF,CCY
HKDHUF=X,HKD/HUF,CCY
DKKCLP=X,DKK/CLP,CCY
INRUSD=X,INR/USD,CCY
DZD=X,USD/DZD,CCY
HRKNOK=X,HRK/NOK,CCY
GBPDJF=X,GBP/DJF,CCY
EUR-CRC.F,EUR/CRC,FRA
MADLVL=X,MAD/LVL,CCY
QAR=X,USD/QAR,CCY
KRWSEK=X,KRW/SEK,CCY
SGDHKD=X,SGD/HKD,CCY
ZARDKK=X,ZAR/DKK,CCY
CHFBMD=X,CHF/BMD,CCY
TNDEUR=X,TND/EUR,CCY
19753564.SW,SILBER 999.9/1000  ,EBS
MKD=X,USD/MKD,CCY
SEKOMR=X,SEK/OMR,CCY
AEDKWD=X,AED/KWD,CCY
LVLSAR=X,LVL/SAR,CCY
EUR-CNH.F,EUR/CNH,FRA
CUPUSD=X,CUP/USD,CCY
GHSUSD=X,GHS/USD,CCY
QARKRW=X,QAR/KRW,CCY
BNDEUR=X,BND/EUR,CCY
MXNTWD=X,MXN/TWD,CCY
PKRHKD=X,PKR/HKD,CCY
ILSMUR=X,ILS/MUR,CCY
NGNTHB=X,NGN/THB,CCY
XPFCAD=X,XPF/CAD,CCY
DKKXDR=X,DKK/XDR,CCY
PKRUSD=X,PKR/USD,CCY
VUVBMD=X,VUV/BMD,CCY
LTLKES=X,LTL/KES,CCY
JPYRUB=X,JPY/RUB,CCY
BWPMWK=X,BWP/MWK,CCY
JODSAR=X,JOD/SAR,CCY
CZKARS=X,CZK/ARS,CCY
CHFKRW=X,CHF/KRW,CCY
QARGBP=X,QAR/GBP,CCY
SARISK=X,SAR/ISK,CCY
GBPJOD=X,GBP/JOD,CCY
DKKMAD=X,DKK/MAD,CCY
CLFGBP=X,CLF/GBP,CCY
NOKISK=X,NOK/ISK,CCY
GBPBBD=X,GBP/BBD,CCY
CHKOT.SW,KOT.AKTIEN,EBS
BWPUSD=X,BWP/USD,CCY
TWDTHB=X,TWD/THB,CCY
GHSMAD=X,GHS/MAD,CCY
SARGBP=X,SAR/GBP,CCY
EURHKD=X,EUR/HKD,CCY
ISKEGP=X,ISK/EGP,CCY
LKRSAR=X,,CCY
CZKRON=X,CZK/RON,CCY
19751807.SW,GOLD 999.9/1000    ,EBS
HRKTRY=X,HRK/TRY,CCY
CADTMT=X,CAD/TMT,CCY
EGPKRW=X,EGP/KRW,CCY
AUDJOD=X,AUD/JOD,CCY
PKRQAR=X,PKR/QAR,CCY
EUR-MVR.F,EUR/MVR,FRA
ISKILS=X,ISK/ILS,CCY
ISKSEK=X,ISK/SEK,CCY
EUR-VEF.F,EUR/VEF,FRA
EURHNL=X,EUR/HNL,CCY
CADILS=X,CAD/ILS,CCY
TRYHKD=X,TRY/HKD,CCY
BRLMXN=X,BRL/MXN,CCY
14596345.EX,HURRICANE FUTURES,EUX
LKRCZK=X,LKR/CZK,CCY
CLPJPY=X,CLP/JPY,CCY
GBPCVE=X,GBP/CVE,CCY
NPRCHF=X,NPR/CHF,CCY
GBPILS=X,GBP/ILS,CCY
CHFRON=X,CHF/RON,CCY
AUDBRL=X,AUD/BRL,CCY
NZDSEK=X,NZD/SEK,CCY
LTLGBP=X,LTL/GBP,CCY
CHFBND=X,CHF/BND,CCY
AEDPKR=X,AED/PKR,CCY
AZNEUR=X,AZN/EUR,CCY
UGXVND=X,UGX/VND,CCY
DKKILS=X,DKK/ILS,CCY
JPYTTD=X,JPY/TTD,CCY
INRMUR=X,INR/MUR,CCY
RUBSEK=X,RUB/SEK,CCY
SARAUD=X,SAR/AUD,CCY
ISKAED=X,ISK/AED,CCY
GELGBP=X,GEL/GBP,CCY
LTLISK=X,LTL/ISK,CCY
OMRKES=X,OMR/KES,CCY
AUDCZK=X,AUD/CZK,CCY
CADKWD=X,CAD/KWD,CCY
GBPAED=X,GBP/AED,CCY
29134350=X,,
GBPBRL=X,GBP/BRL,CCY
AUDNZD=X,AUD/NZD,CCY
EGPPLN=X,EGP/PLN,CCY
KGS=X,USD/KGS,CCY
UGXSBD=X,UGX/SBD,CCY
ILSLKR=X,ILS/LKR,CCY
INRCAD=X,INR/CAD,CCY
LKRISK=X,LKR/ISK,CCY
GBPTWD=X,GBP/TWD,CCY
EURBBD=X,EUR/BBD,CCY
ZARMXN=X,ZAR/MXN,CCY
CHFKPW=X,CHF/KPW,CCY
HF30.EX,STURM FL 30BN 10,EUX
RUBSAR=X,RUB/SAR,CCY
BHDUSD=X,BHD/USD,CCY
XCP=X,COPPER HIGHGRADE,CCY
RUBEGP=X,RUB/EGP,CCY
CHFDOP=X,CHF/DOP,CCY
BRLJPY=X,BRL/JPY,CCY
HUFLKR=X,HUF/LKR,CCY
GHSKRW=X,GHS/KRW,CCY
CHFDJF=X,CHF/DJF,CCY
MYRRUB=X,MYR/RUB,CCY
MADKWD=X,MAD/KWD,CCY
EUR-BRL.F,EUR/BRL,FRA
KHR=X,USD/KHR,CCY
MADLTL=X,MAD/LTL,CCY
MXVMXN=X,MXV/MXN,CCY
AOACHF=X,AOA/CHF,CCY
TRYPLN=X,TRY/PLN,CCY
CHFTWD=X,CHF/TWD,CCY
GHSHRK=X,GHS/HRK,CCY
AUDAWG=X,AUD/AWG,CCY
KYD=X,USD/KYD,CCY
BWPBRL=X,BWP/BRL,CCY
KYDEUR=X,KYD/EUR,CCY
HRKCHF=X,HRK/CHF,CCY
JODAUD=X,JOD/AUD,CCY
MURMXN=X,MUR/MXN,CCY
CADPKR=X,CAD/PKR,CCY
ISKIDR=X,ISK/IDR,CCY
HU40.EX,STURM USA 40BN 10,EUX
MXNAUD=X,MXN/AUD,CCY
DKKTRY=X,DKK/TRY,CCY
CADTWD=X,CAD/TWD,CCY
TRYJOD=X,TRY/JOD,CCY
CADETB=X,CAD/ETB,CCY
CHFZMK=X,,
SGDLVL=X,SGD/LVL,CCY
CADTOP=X,CAD/TOP,CCY
XCDUSD=X,XCD/USD,CCY
LTLHUF=X,LTL/HUF,CCY
GBPCNY=X,GBP/CNY,CCY
PLNUYU=X,PLN/UYU,CCY
JODNOK=X,JOD/NOK,CCY
XF000EURPLN0.SG,EUR/PLN FIXING,STU
NADZAR=X,NAD/ZAR,CCY
BWPCZK=X,BWP/CZK,CCY
AEDHUF=X,AED/HUF,CCY
29134365=X,,
SCRCHF=X,SCR/CHF,CCY
BOBUYU=X,BOB/UYU,CCY
GHSKZT=X,GHS/KZT,CCY
CNHGBP=X,CNH/GBP,CCY
CADSHP=X,CAD/SHP,CCY
JPYHTG=X,JPY/HTG,CCY
HUFAUD=X,HUF/AUD,CCY
TWDAUD=X,TWD/AUD,CCY
OMRRUB=X,OMR/RUB,CCY
JODLVL=X,JOD/LVL,CCY
JODMAD=X,JOD/MAD,CCY
CZKCNY=X,CZK/CNY,CCY
CADSYP=X,CAD/SYP,CCY
GHSTWD=X,GHS/TWD,CCY
DOPDKK=X,DOP/DKK,CCY
CADCRC=X,CAD/CRC,CCY
MADLKR=X,MAD/LKR,CCY
TJSCHF=X,TJS/CHF,CCY
INRTRY=X,INR/TRY,CCY
JODKES=X,JOD/KES,CCY
CHFTND=X,CHF/TND,CCY
EUR-TTD.F,EUR/TTD,FRA
FJDUSD=X,FJD/USD,CCY
MYRKWD=X,MYR/KWD,CCY
JPYKMF=X,JPY/KMF,CCY
BWPCAD=X,BWP/CAD,CCY
THBNGN=X,THB/NGN,CCY
EURDKK=X,EUR/DKK,CCY
XF000EURNZD6.SG,EUR/NZD FIXING,STU
MZNJPY=X,MZN/JPY,CCY
RUBMYR=X,RUB/MYR,CCY
CHFMGA=X,CHF/MGA,CCY
CADVND=X,CAD/VND,CCY
EUR-ETB.F,EUR/ETB,FRA
BDT=X,USD/BDT,CCY
GBPZMK=X,,
EURCRC=X,EUR/CRC,CCY
ANGSRD=X,ANG/SRD,CCY
AEDPLN=X,AED/PLN,CCY
BRLBOB=X,BRL/BOB,CCY
NZDLKR=X,NZD/LKR,CCY
TMT=X,USD/TMT,CCY
CNYEUR=X,CNY/EUR,CCY
RUBBYR=X,RUB/BYR,CCY
LVLJPY=X,LVL/JPY,CCY
GBPSBD=X,GBP/SBD,CCY
RUBQAR=X,RUB/QAR,CCY
TRYKWD=X,TRY/KWD,CCY
KRWKES=X,KRW/KES,CCY
GHSCLF=X,GHS/CLF,CCY
MADAUD=X,MAD/AUD,CCY
